exp_date,train_rmse,train_custom_acc,val_rmse_for_best_train,val_custom_acc_for_best_train,test_rmse_for_best_train,test_custom_acc_for_best_train,train_epoch_for_best_train,val_rmse,val_custom_acc,train_rmse_for_best_val,train_custom_acc_for_best_val,test_rmse_for_best_val,test_custom_acc_for_best_val,val_epoch_for_best_val,test_rmse,test_custom_acc,train_rmse_for_best_test,train_custom_acc_for_best_test,val_rmse_for_best_test,val_custom_acc_for_best_test,test_epoch_for_best_test,seq_len,lr,d,hid_d,last_d,time_d,e_layers,token_emb_kernel_size,dropout,comb_type,bs
2024-08-02 16:16,17956.475,81.48804473876953,78603.19,35.269527435302734,82496.35,38.34594345092773,19,79311.31,37.21749877929688,27318.805,72.51526641845703,84219.2,38.25414276123047,12,70915.16,32.110313415527344,49056.508,47.60628128051758,72908.0,33.86818313598633,7,16,0.005,368,852,752,128,17,11,0.64,add,512
2024-08-02 16:29,38074.242,62.97877502441406,91337.99,34.446128845214844,77694.984,42.0880012512207,10,82261.12,21.080135345458984,73084.48,29.3520450592041,75373.82,29.0880126953125,1,75373.82,29.0880126953125,73084.48,29.3520450592041,82261.12,21.080135345458984,1,28,0.003,228,752,572,64,11,11,0.68,add,1024
2024-08-03 00:27,15846.675,83.53129577636719,80267.33,29.197509765625,81452.72,15.62588882446289,19,80806.78,32.09702682495117,21371.885,77.68218994140625,78149.56,21.867895126342773,11,74995.64,51.276485443115234,57734.434,56.69204330444336,83191.19,44.90288162231445,1,16,0.002,308,892,552,256,15,9,0.47,add,512
2024-08-03 04:49,25345.11,74.0751953125,77523.734,45.12946319580078,76443.336,36.72452545166016,11,72488.72,51.28636169433594,51442.58,48.41735458374024,67437.74,44.88903045654297,1,67437.74,44.88903045654297,51442.58,48.41735458374024,72488.72,51.28636169433594,1,28,0.005,308,712,692,64,16,12,0.49,add,1024
2024-08-02 18:11,14970.162,84.05248260498047,86028.664,22.836977005004883,78669.95,22.69501304626465,19,1138351.9,-702.1858520507812,441937.1,-252.54486083984372,410772.0,-442.7091979980469,1,78292.31,19.51238441467285,18916.447,79.54068756103516,91112.695,16.124618530273438,13,28,0.008,288,772,772,128,18,9,0.43,add,512
2024-08-03 03:24,32045.766,66.78868865966797,83242.25,32.419158935546875,80568.08,28.30733108520508,10,83933.21,19.98909568786621,77236.28,31.952260971069336,77131.44,26.11173248291016,1,77131.44,26.11173248291016,77236.28,31.952260971069336,83933.21,19.98909568786621,1,8,0.003,388,792,712,64,17,13,0.52,add,1024
2024-08-02 19:47,14149.411,85.13038635253906,75910.234,29.60968971252441,89107.03,-1.671806812286377,20,74712.41,33.044734954833984,24328.396,74.04900360107422,93689.28,9.763585090637209,9,88143.484,1.2733653783798218,14952.412,84.60820770263672,76400.82,30.4096736907959,16,28,0.007,248,872,872,128,15,11,0.44,add,512
2024-08-02 21:31,11992.908,87.9104995727539,69423.766,41.91365814208984,75505.5,26.371286392211918,32,69364.516,41.48460006713867,16047.665,83.62384796142578,74017.31,30.289087295532227,22,74017.31,30.289087295532227,16047.665,83.62384796142578,69364.516,41.48460006713867,22,16,0.003,448,792,772,128,16,10,0.45,add,512
2024-08-03 04:24,19515.666,79.5551986694336,73224.21,23.199512481689453,86160.97,-3.745924472808838,20,72382.61,31.265214920043945,24336.535,78.0275650024414,79906.086,18.779726028442383,15,86741.03,31.9764461517334,122271.16,13.270502090454102,99280.36,19.93924331665039,1,28,0.009,408,632,592,64,15,11,0.51,add,512
2024-08-02 23:49,25376.426,75.16352844238281,79454.195,39.259422302246094,81713.81,28.815467834472656,10,72799.28,30.068775177001957,59455.336,32.4974365234375,71640.18,30.06903648376465,1,71640.18,30.06903648376465,59455.336,32.4974365234375,72799.28,30.068775177001957,1,16,0.002,228,732,672,128,15,10,0.5,add,512
2024-08-02 23:44,11705.087,87.6928939819336,77534.445,38.36865615844727,80905.41,19.461502075195312,27,73840.55,43.27711868286133,19145.227,79.57691192626953,81713.02,26.652637481689453,15,70881.92,31.712480545043945,57340.277,31.60602760314941,76975.92,28.849884033203125,1,8,0.002,408,812,692,256,16,11,0.43,add,512
2024-08-03 05:03,20484.807,78.86934661865234,75660.12,38.36337661743164,78193.914,36.77975082397461,18,75660.12,38.36337661743164,20484.807,78.86934661865234,78193.914,36.77975082397461,18,76204.71,37.41193008422852,23297.838,75.96383666992188,76997.81,35.7855339050293,14,28,0.003,348,692,772,64,14,11,0.46,add,1024
2024-08-03 02:31,17594.838,81.15802001953125,78450.03,38.51775360107422,85980.88,18.102745056152344,20,71475.85,40.750091552734375,56968.5,51.78007888793945,68563.43,37.50168228149414,1,68563.43,37.50168228149414,56968.5,51.78007888793945,71475.85,40.750091552734375,1,8,0.006,368,792,732,256,15,11,0.44,add,1024
2024-08-02 18:55,16769.625,81.05164337158203,84967.89,20.998979568481445,88059.63,2.9286890029907227,20,83476.79,25.46575927734375,24804.674,73.64137268066406,94615.61,3.466977834701538,12,83958.305,14.932003021240234,24573.785,72.57978820800781,75065.555,35.69597625732422,11,16,0.025,288,732,712,256,14,9,0.49,add,512
2024-08-02 18:53,15745.921,83.52017974853516,74178.59,21.79370880126953,87362.72,7.238186359405518,20,74262.11,21.37794303894043,15766.23,83.37621307373047,87451.195,6.274998188018799,19,81501.98,15.78416919708252,28790.227,70.60696411132812,84614.055,23.618600845336918,8,16,0.02,308,732,752,256,16,11,0.52,add,512
2024-08-03 03:50,17524.963,81.71937561035156,92873.75,16.77972412109375,89088.69,0.213273674249649,20,80749.45,40.78580474853516,64767.426,36.50663375854492,69725.28,32.367366790771484,1,69725.28,32.367366790771484,64767.426,36.50663375854492,80749.45,40.78580474853516,1,28,0.004,268,692,672,128,15,10,0.47,add,512
2024-08-03 00:29,10734.783,88.78089141845703,77971.85,23.592729568481445,76338.57,11.413241386413574,29,76662.71,22.834945678710938,11994.67,87.42607116699219,76827.734,9.615139961242676,22,74966.32,14.849759101867676,14726.389,84.79175567626953,78223.52,26.22492408752441,18,16,0.003,368,832,612,64,19,12,0.43,add,512
2024-08-03 03:54,13735.109,85.77481079101562,71813.17,35.05812454223633,82024.734,12.637988090515137,19,71584.73,35.32798385620117,14967.155,84.72635650634766,80517.484,9.814252853393556,16,81750.88,13.49695873260498,16186.397,82.93415832519531,71679.15,35.563804626464844,14,28,0.003,308,732,732,256,12,10,0.4,add,512
2024-08-03 04:26,27831.58,70.60674285888672,97976.984,20.709209442138672,84800.74,27.12537956237793,11,75233.305,42.47626495361328,50973.996,51.65592193603516,70710.45,41.20917892456055,1,70710.45,41.20917892456055,50973.996,51.65592193603516,75233.305,42.47626495361328,1,28,0.009,348,632,812,256,10,11,0.52,add,1024
2024-08-02 16:29,30926.656,68.00839233398438,74666.0,43.983280181884766,84274.86,46.52553939819336,10,74651.72,36.786922454833984,55145.695,41.204219818115234,69172.83,34.350826263427734,1,69172.83,34.350826263427734,55145.695,41.204219818115234,74651.72,36.786922454833984,1,8,0.005,368,632,712,64,10,11,0.6000000000000001,add,512
2024-08-03 02:09,15686.513,84.42825317382812,77972.58,28.41770362854004,84156.836,-2.58089017868042,16,73356.59,27.5742244720459,24711.764,74.30439758300781,80074.67,9.565402030944824,8,77984.5,-0.8987772464752197,28156.617,68.83282470703125,79184.336,22.32156562805176,7,16,0.004,348,792,572,128,19,13,0.52,add,512
2024-08-02 21:04,15565.444,83.6030502319336,94598.195,34.739112854003906,79689.78,42.151947021484375,20,89560.29,19.684703826904297,82059.1,19.360620498657227,76269.24,30.945953369140625,1,69330.39,37.922454833984375,28029.275,70.72686767578125,82224.78,36.615177154541016,8,28,0.006,368,592,852,64,19,11,0.43,add,512
2024-08-03 02:37,24400.29,73.49492645263672,89900.74,39.44462585449219,82857.23,43.31803894042969,11,81293.48,16.436962127685547,68596.98,24.82839584350586,76538.46,20.77507781982422,1,72168.734,25.997074127197266,139066.39,-6.891097068786621,121279.72,10.19435691833496,2,16,0.003,408,652,652,128,15,12,0.5800000000000001,add,512
2024-08-02 15:50,27894.408,72.33036804199219,145005.14,-0.8879557847976685,82887.44,17.920869827270508,16,94230.445,-19.43700218200684,83347.086,-1.39584481716156,87284.12,-16.001834869384766,1,79854.875,22.880165100097656,37541.117,62.111595153808594,84449.16,33.52742004394531,10,28,0.004,268,572,732,128,20,7,0.79,add,512
2024-08-03 03:22,26259.842,73.3001480102539,88505.81,36.95527648925781,83561.32,26.66922378540039,11,80203.07,51.54238510131836,66893.27,55.55522918701172,75882.96,52.80292892456055,1,75882.96,52.80292892456055,66893.27,55.55522918701172,80203.07,51.54238510131836,1,16,0.003,388,712,692,64,15,11,0.45,add,1024
2024-08-03 01:33,37637.805,61.6574821472168,87899.69,27.87405204772949,87886.664,-5.732884407043457,11,85530.38,21.981006622314453,83461.42,34.77713394165039,77862.6,29.195274353027344,1,77862.6,29.195274353027344,83461.42,34.77713394165039,85530.38,21.981006622314453,1,16,0.001,388,772,692,64,20,11,0.4,add,1024
2024-08-03 04:35,23806.074,75.85334777832031,78325.26,39.31863784790039,79365.63,24.33163833618164,10,76038.52,33.83181381225586,58753.92,44.18478393554688,70804.766,42.24047088623047,1,70804.766,42.24047088623047,58753.92,44.18478393554688,76038.52,33.83181381225586,1,16,0.005,348,672,772,64,13,12,0.47,add,512
2024-08-02 19:57,19841.7,78.94412994384766,92681.19,13.75362491607666,98780.15,-4.438361167907715,20,84799.75,21.117403030395508,25691.402,71.59147644042969,92211.17,5.381265640258789,12,33437278.0,-46862.77734375,41189630.0,-56693.02734375,40509564.0,-54204.3046875,1,28,0.018,348,692,732,256,17,10,0.44,add,1024
2024-08-02 22:29,40924.64,64.53500366210938,87241.07,23.628198623657227,78320.7,18.552173614501957,9,81900.39,19.99064826965332,69121.83,34.671669006347656,75168.6,24.662452697753903,1,73480.62,17.99561309814453,77959.36,33.62018585205078,102026.71,15.167070388793944,3,28,0.002,488,732,912,64,14,11,0.42,add,512
2024-08-02 19:33,15190.638,83.78588104248047,78819.15,32.698387145996094,75920.2,32.4110221862793,20,76702.73,34.57883834838867,16265.308,83.1854476928711,76267.75,34.821754455566406,17,73550.47,25.22854423522949,19043.215,80.88542175292969,78277.59,30.025785446166992,15,16,0.01,288,532,772,64,18,11,0.4,add,512
2024-08-02 21:10,15955.275,83.12728881835938,72314.26,35.97171401977539,79167.26,10.80743408203125,19,71935.37,38.02518844604492,17997.066,81.45470428466797,78088.54,14.572991371154783,15,76575.305,38.277042388916016,61762.734,37.40448760986328,83149.86,28.45693016052246,1,28,0.005,408,672,912,256,13,11,0.49,add,512
2024-08-02 17:19,15952.28,83.6821060180664,85929.625,27.33615493774414,86606.375,8.077788352966309,19,93727.27,36.67253494262695,62928.707,46.29705047607422,82954.164,38.80781936645508,1,82954.164,38.80781936645508,62928.707,46.29705047607422,93727.27,36.67253494262695,1,8,0.007,328,652,692,256,14,10,0.51,add,512
2024-08-02 18:26,16586.045,82.58891296386719,80557.586,25.99897003173828,85915.164,4.887296676635742,20,83088.8,25.5195369720459,22344.078,75.87249755859375,85549.62,11.85100269317627,12,78218.0,21.258060455322266,22077.986,77.0621566772461,77069.484,31.871753692626957,11,28,0.014,468,732,512,64,16,8,0.55,add,512
2024-08-02 20:31,12222.845,86.5284194946289,76157.43,41.64638137817383,75004.016,34.493045806884766,28,74138.23,43.02054214477539,14057.215,85.95977020263672,74706.445,31.671680450439453,21,74908.56,36.05262756347656,16102.826,82.79130554199219,74846.58,45.49632263183594,18,16,0.001,448,732,812,128,17,12,0.46,add,512
2024-08-03 05:08,12741.315,86.37789916992188,77341.484,39.34667205810547,79067.55,40.83484649658203,27,77134.18,40.42578506469727,13354.643,85.75779724121094,79538.45,39.53038787841797,24,74433.836,28.981239318847656,72347.14,38.71072769165039,81252.5,27.060550689697266,1,8,0.004,188,652,792,128,11,13,0.42,add,1024
2024-08-02 17:24,18569.857,81.08670806884766,85020.04,27.787687301635746,77423.12,10.76753044128418,20,80819.055,25.719655990600582,24180.592,74.40524291992188,75502.98,10.037561416625977,12,75332.82,19.882474899291992,45301.855,53.63785934448242,121465.2,17.39299964904785,6,16,0.011,368,712,712,128,19,12,0.65,add,512
2024-08-02 22:50,16465.51,82.67546844482422,76634.98,36.46567535400391,72213.22,32.526859283447266,18,74821.62,44.16934585571289,67241.914,37.55574417114258,66136.805,40.972259521484375,2,66136.805,40.972259521484375,67241.914,37.55574417114258,74821.62,44.16934585571289,2,28,0.001,408,812,772,256,11,13,0.47,add,512
2024-08-02 18:16,17920.465,81.07850646972656,84334.3,16.405651092529297,96867.05,-22.236984252929688,19,140599.6,11.969499588012695,481080.1,-309.9973449707031,111638.414,24.834375381469727,1,82643.94,4.523656368255615,28657.365,70.5677719116211,87639.7,21.16902732849121,10,28,0.044,328,732,552,64,15,9,0.49,add,512
2024-08-03 03:25,27371.584,71.2093734741211,96881.02,17.274717330932617,83157.05,0.0275805238634347,12,81713.98,42.0742301940918,76184.93,47.75810241699219,77284.24,46.86843490600586,1,77284.24,46.86843490600586,76184.93,47.75810241699219,81713.98,42.0742301940918,1,16,0.003,408,712,772,256,13,13,0.55,add,1024
2024-08-03 03:05,14177.801,85.22933197021484,74749.5,41.71061325073242,79876.18,31.87217140197754,20,73900.87,42.06344604492188,14562.176,84.8717041015625,79952.61,32.90082550048828,18,78798.17,38.2872200012207,18461.588,80.70120239257812,77405.445,44.42361831665039,12,16,0.005,308,712,672,64,14,11,0.49,add,512
2024-08-02 19:06,32787.36,67.77171325683594,80772.766,21.215181350708008,76176.336,19.58757209777832,10,74695.086,38.098175048828125,59361.594,42.24588394165039,68123.07,36.22174835205078,1,68123.07,36.22174835205078,59361.594,42.24588394165039,74695.086,38.098175048828125,1,28,0.004,348,592,732,128,13,9,0.54,add,512
2024-08-02 18:12,17928.553,81.032470703125,82409.94,23.819129943847656,92253.8,1.4428894519805908,20,81512.17,26.950950622558597,19103.475,80.26148986816406,88711.7,9.943147659301758,16,91734.39,1.6553179025650024,17983.596,80.5273666381836,81633.07,24.16648292541504,18,16,0.051,328,732,532,256,20,8,0.53,add,512
2024-08-03 00:13,12255.43,87.10120391845703,76467.77,27.362762451171875,82307.81,7.968294143676758,35,76509.414,30.337207794189453,16836.066,81.8493423461914,83943.72,12.646039962768556,23,81031.34,10.755324363708496,15495.508,83.88917541503906,72814.84,30.128936767578125,27,8,0.004,448,792,632,256,18,13,0.53,add,1024
2024-08-03 04:58,17930.223,80.78248596191406,71328.05,34.52175521850586,83164.67,25.18006896972656,20,68552.52,43.08804702758789,24447.795,75.00414276123047,81119.87,33.34299850463867,11,76571.516,15.699137687683104,73223.57,28.081682205200195,82233.805,15.03082275390625,1,8,0.002,208,692,752,256,14,12,0.46,add,1024
2024-08-02 21:19,18621.855,81.19373321533203,77865.9,17.11943244934082,78116.664,10.429859161376951,20,77670.4,47.8759880065918,72121.16,35.59654235839844,76297.37,38.94182586669922,3,73481.016,40.21430587768555,65649.86,24.44608497619629,76280.41,34.33345413208008,2,16,0.001,508,752,952,128,16,13,0.55,add,512
2024-08-03 00:09,17553.533,80.71820831298828,80904.59,31.26615333557129,77881.48,24.55679702758789,21,78476.22,33.59132385253906,18230.459,81.36534881591797,78229.92,25.653751373291016,19,69222.72,45.02282333374024,55954.562,50.350730895996094,78038.12,47.0280876159668,2,16,0.002,388,892,772,128,14,15,0.42,add,1024
2024-08-03 01:49,18904.66,80.2853012084961,77398.59,33.95074844360352,74155.5,40.168087005615234,11,73848.3,31.863937377929688,57749.88,38.69407272338867,69919.43,24.65425682067871,1,69919.43,24.65425682067871,57749.88,38.69407272338867,73848.3,31.863937377929688,1,16,0.002,328,812,692,64,18,9,0.45,add,512
2024-08-03 02:44,21695.01,76.5155258178711,83027.65,30.889629364013672,82028.09,29.38772201538086,10,75513.805,36.3797721862793,59322.156,47.12376022338867,69393.586,31.136667251586918,1,69393.586,31.136667251586918,59322.156,47.12376022338867,75513.805,36.3797721862793,1,16,0.002,408,712,692,256,18,11,0.42,add,512
2024-08-03 05:35,13258.545,86.01261901855469,75428.234,25.667945861816406,80455.74,12.882155418395996,22,72625.46,30.28439140319824,21643.725,76.89193725585938,79202.195,16.055213928222656,12,68015.445,25.852075576782227,68834.34,30.5096435546875,76660.875,39.149635314941406,1,16,0.009,268,652,772,128,13,12,0.5,add,512
2024-08-02 21:29,15456.287,83.9312515258789,83173.91,22.998310089111328,81844.7,12.033397674560549,20,83530.016,22.697725296020508,17810.133,81.91243743896484,81815.83,14.37076473236084,15,86072.54,32.06863021850586,33604.887,65.847412109375,81866.586,38.19630432128906,8,28,0.007,448,832,892,128,13,11,0.52,add,512
2024-08-02 22:52,15379.404,84.30657958984375,76325.414,38.48423004150391,82577.99,25.847795486450195,19,75742.82,38.06777572631836,15784.779,83.73905181884766,81648.58,25.78491973876953,17,74005.445,52.41533279418945,54436.824,52.330684661865234,75986.14,55.0518798828125,1,28,0.002,448,892,892,256,14,11,0.49,add,512
2024-08-02 21:23,16184.728,83.43048095703125,85306.01,11.964958190917969,84056.53,-2.284010410308838,20,78704.76,21.032724380493164,18986.219,81.90684509277344,79973.66,6.573487281799316,15,85606.87,10.898324966430664,36308.883,61.18431854248047,82222.99,14.245407104492188,7,8,0.003,348,712,952,256,17,12,0.53,add,512
2024-08-02 22:07,12229.265,86.95240783691406,80722.32,41.7085075378418,78370.11,45.26368713378906,19,79685.09,38.28015899658203,17735.594,81.60523986816406,77481.01,40.93975067138672,12,78142.81,41.86415481567383,16788.025,82.33522033691406,84610.8,38.90550994873047,13,8,0.003,488,832,832,64,16,11,0.4,add,512
2024-08-02 18:46,12865.264,86.69844055175781,77271.49,37.10599136352539,81865.3,34.31513977050781,23,82492.53,28.859115600585938,22160.664,77.18964385986328,83889.08,26.7403564453125,12,74066.5,27.60536766052246,44212.91,63.79280471801758,121656.836,11.43312644958496,7,16,0.008,308,772,732,256,11,12,0.63,add,512
2024-08-02 18:34,14795.56,84.03715515136719,78747.664,35.48716354370117,70615.85,30.832637786865234,21,72212.82,34.74571990966797,23355.498,74.24729919433594,76189.445,20.71952438354492,11,70657.43,36.87371063232422,16267.947,82.6872787475586,78617.75,38.84308624267578,20,28,0.018,368,692,672,64,15,10,0.47,add,512
2024-08-02 23:54,12005.116,87.21353912353516,75736.85,47.623146057128906,76659.78,49.685791015625,26,75736.85,47.623146057128906,12005.116,87.21353912353516,76659.78,49.685791015625,26,76659.78,49.685791015625,12005.116,87.21353912353516,75736.85,47.623146057128906,26,8,0.001,508,812,632,64,17,13,0.43,add,512
2024-08-02 20:35,13791.786,85.47484588623047,76510.88,29.15961456298828,89686.125,-1.2158968448638916,26,75676.73,34.64336013793945,14153.237,85.76692962646484,84434.445,11.184452056884766,25,84434.445,11.184452056884766,14153.237,85.76692962646484,75676.73,34.64336013793945,25,16,0.01,268,672,832,256,14,13,0.5,add,512
2024-08-02 20:27,16132.257,83.37857818603516,77232.664,30.64089584350586,91578.96,-19.28056526184082,18,76614.914,29.92473793029785,16794.463,82.90393829345703,90930.734,-18.082988739013672,17,79474.25,9.872068405151367,82362.18,20.212078094482425,87874.055,4.100631713867188,1,28,0.002,388,672,932,256,20,11,0.45,add,512
2024-08-03 00:44,40514.273,61.60107421875,82174.46,2.5820343494415283,89086.11,-16.905776977539062,10,72467.73,52.88271713256836,64758.832,55.59373474121094,81129.43,46.84395980834961,1,81129.43,46.84395980834961,64758.832,55.59373474121094,72467.73,52.88271713256836,1,28,0.002,328,972,732,64,17,14,0.45,add,512
2024-08-02 17:09,25397.033,74.4869155883789,84372.9,36.01955795288086,85499.06,33.802005767822266,19,107108.45,4.419882297515869,63048.68,54.131649017333984,87544.51,9.185016632080078,11,84174.96,30.64527702331543,35370.25,65.7799301147461,93036.375,23.71268844604492,14,8,0.059,388,672,732,64,19,8,0.49,add,1024
2024-08-02 21:23,19308.74,79.71786499023438,78171.33,27.397869110107425,79076.73,10.646915435791016,18,89763.66,17.008460998535156,42554.324,57.8791618347168,95193.93,-6.81912088394165,11,83187.86,11.674983978271484,21163.904,80.69898986816406,83146.63,29.93166923522949,19,16,0.003,408,772,792,256,20,12,0.53,add,512
2024-08-02 23:36,16145.991,83.3110122680664,75507.61,38.14510345458984,84137.88,19.596418380737305,19,74972.06,38.73679733276367,17774.016,82.32413482666016,83553.79,22.757572174072266,15,72611.05,47.77080154418945,54088.4,49.98844146728516,77160.73,50.87685012817383,1,16,0.002,348,792,832,256,15,10,0.5,add,512
2024-08-02 22:17,15943.666,83.4532470703125,74011.69,48.65990829467773,77300.016,42.74407196044922,20,73221.52,44.68561553955078,21555.416,77.65606689453125,76947.6,39.63011932373047,12,76280.47,24.97111701965332,29553.559,67.41886901855469,77569.49,33.71986389160156,8,16,0.004,468,892,792,64,18,11,0.45,add,512
2024-08-03 02:26,12836.979,86.15337371826172,72543.83,38.62998962402344,75648.19,26.088342666625977,21,68798.73,31.165048599243164,20151.94,78.49181365966797,76809.45,12.61524486541748,12,75498.3,20.834020614624023,67392.44,28.004608154296875,80857.38,17.85231590270996,1,8,0.003,388,772,652,128,19,12,0.44,add,512
2024-08-03 03:10,15988.209,82.98076629638672,75892.73,34.88874816894531,81934.32,16.785541534423828,20,73297.98,41.97318649291992,23971.912,74.9754638671875,83602.56,12.872506141662598,11,74597.37,16.878067016601562,47444.83,50.03937149047852,77147.484,29.936906814575195,5,16,0.008,308,832,672,64,18,13,0.5900000000000001,add,512
2024-08-02 18:38,18517.965,80.70455932617188,76856.85,25.976945877075195,83528.97,16.878995895385742,23,72676.46,31.758834838867188,27442.002,68.31502532958984,76250.48,29.225561141967773,14,76250.48,29.225561141967773,27442.002,68.31502532958984,72676.46,31.758834838867188,14,28,0.036,448,732,652,64,19,10,0.5900000000000001,add,512
2024-08-03 02:53,14153.564,85.13219451904297,74653.57,29.237688064575195,73956.68,21.674222946166992,16,72578.92,33.019569396972656,16197.364,83.15068054199219,73434.8,24.131166458129883,13,69624.445,40.5103645324707,54575.773,46.125030517578125,74991.72,39.69875717163086,1,16,0.003,328,652,832,256,13,11,0.48,add,512
2024-08-03 02:57,28054.232,68.6804428100586,82347.93,33.34296417236328,80035.73,14.266115188598633,12,83246.945,17.293590545654297,76354.41,30.74956703186035,76769.54,21.37251281738281,1,70746.2,51.03336334228516,52017.13,55.65838623046875,73813.1,50.52438354492188,2,8,0.001,448,572,752,256,14,11,0.48,add,1024
2024-08-03 03:30,24292.014,72.33783721923828,91254.555,30.232397079467773,84868.74,35.97792053222656,11,70749.6,45.63889694213867,52898.12,47.98868179321289,66224.59,38.64944839477539,1,66224.59,38.64944839477539,52898.12,47.98868179321289,70749.6,45.63889694213867,1,16,0.005,348,752,752,256,12,12,0.46,add,1024
2024-08-02 16:55,32891.176,65.40982818603516,92836.98,30.417360305786133,77118.055,33.10039520263672,8,78741.77,45.77506637573242,57845.633,45.35908508300781,76157.95,47.439849853515625,1,76157.95,47.439849853515625,57845.633,45.35908508300781,78741.77,45.77506637573242,1,28,0.003,288,752,692,128,15,11,0.5900000000000001,add,512
2024-08-03 04:30,13432.725,85.58023834228516,84434.73,34.648719787597656,79856.88,30.735132217407227,19,82663.266,35.678340911865234,13902.828,85.24042510986328,79004.54,30.378559112548828,17,74569.63,32.26103210449219,20472.6,77.92118835449219,85022.09,31.0360164642334,11,8,0.005,368,652,792,128,13,11,0.48,add,512
2024-08-02 16:12,13151.119,86.33556365966797,76207.08,33.14556884765625,76324.23,29.354660034179688,28,76475.96,36.12289810180664,16376.844,83.11125946044922,75787.01,32.987361907958984,19,75787.01,32.987361907958984,16376.844,83.11125946044922,76475.96,36.12289810180664,19,16,0.015,448,752,572,128,18,9,0.5700000000000001,add,512
2024-08-02 16:28,31262.227,65.92291259765625,96271.76,24.532028198242188,75949.125,28.55535125732422,11,68439.484,49.45316696166992,56714.973,44.9052734375,65306.65,36.05441665649414,2,65306.65,36.05441665649414,56714.973,44.9052734375,68439.484,49.45316696166992,2,16,0.002,328,792,552,256,10,10,0.63,add,1024
2024-08-02 22:08,12915.9375,86.83428955078125,83412.625,4.861225605010986,83482.33,-10.393060684204102,27,81172.58,13.493321418762209,18787.28,81.01541137695312,81666.79,-8.462535858154297,18,78455.02,18.60477066040039,60375.773,41.06857299804688,83194.38,35.556480407714844,1,28,0.006,428,752,772,64,14,12,0.41,add,512
2024-08-02 17:51,17719.818,81.37689971923828,85291.266,33.853729248046875,80711.93,36.14509582519531,20,98262.03,38.51032638549805,225501.02,-57.77701950073242,90297.21,36.48838806152344,1,90297.21,36.48838806152344,225501.02,-57.77701950073242,98262.03,38.51032638549805,1,16,0.009,388,772,712,256,12,9,0.42,add,1024
2024-08-03 00:07,11854.976,87.834228515625,76177.445,43.03087615966797,75003.67,37.244850158691406,25,75380.43,37.97622299194336,16902.63,82.478271484375,77691.14,19.88291549682617,16,86589.03,41.80922317504883,96089.44,31.008712768554688,84551.38,47.556148529052734,1,16,0.004,328,812,772,128,19,14,0.53,add,512
2024-08-02 21:06,18407.354,81.38992309570312,81563.13,28.48943519592285,92262.86,-6.129210472106934,19,80052.445,29.36147689819336,27465.266,72.0293960571289,84490.414,-0.3802158832550049,10,74811.94,35.82852935791016,74335.22,42.65401840209961,81127.836,30.861835479736328,1,28,0.002,428,692,952,256,16,11,0.49,add,1024
2024-08-02 20:53,18063.55,81.38948822021484,86725.85,33.71269989013672,79088.24,21.72650718688965,20,77782.74,44.51876831054688,59939.594,55.5439338684082,72150.12,47.13227462768555,1,72150.12,47.13227462768555,59939.594,55.5439338684082,77782.74,44.51876831054688,1,16,0.003,388,652,772,256,11,12,0.45,add,1024
2024-08-03 04:23,23860.71,75.26219940185547,90451.49,31.816734313964844,79199.7,33.22705841064453,11,75644.38,35.03482818603516,55756.074,46.1248664855957,68932.04,31.424867630004883,1,68932.04,31.424867630004883,55756.074,46.1248664855957,75644.38,35.03482818603516,1,8,0.004,388,672,812,64,13,12,0.44,add,1024
2024-08-03 00:36,15909.848,83.57881927490234,76028.15,36.42011260986328,77393.8,21.075822830200195,29,73578.71,33.5088005065918,20466.566,78.11363983154297,75345.26,17.14706802368164,18,78002.445,29.88827133178711,83940.75,34.78184127807617,86102.586,22.14537811279297,1,16,0.003,368,772,612,64,19,9,0.46,add,1024
2024-08-02 19:42,14023.912,85.01629638671875,75311.555,38.78450012207031,71548.586,38.77477645874024,20,74029.75,33.638954162597656,18041.656,81.4015884399414,70858.78,32.460060119628906,13,70300.84,36.58048629760742,18919.736,80.15230560302734,75117.766,37.19596099853516,12,8,0.008,408,712,872,128,14,12,0.48,add,512
2024-08-03 00:14,13911.981,85.61079406738281,75737.38,33.36109161376953,78871.6,22.419513702392575,25,74633.73,40.18281936645508,19135.021,78.32494354248047,77764.51,29.108448028564453,17,79946.04,49.9481201171875,73395.914,51.32184219360352,85315.56,41.10869216918945,1,8,0.001,328,832,632,128,18,9,0.42,add,512
2024-08-02 18:59,28485.648,70.28628540039062,88777.13,32.63853454589844,85928.74,30.37353515625,11,76282.305,26.457406997680664,64923.17,27.705352783203125,72578.49,30.718299865722656,1,72578.49,30.718299865722656,64923.17,27.705352783203125,76282.305,26.457406997680664,1,16,0.002,268,692,772,128,16,11,0.55,add,512
2024-08-02 20:39,16083.278,82.95020294189453,79126.945,33.060096740722656,92571.805,7.768100261688232,23,79418.19,30.6887264251709,22428.676,76.58216094970703,86572.29,17.24677848815918,15,81846.95,24.995235443115234,27635.822,70.0459213256836,79822.37,33.74684524536133,12,28,0.018,428,712,712,256,13,14,0.48,add,512
2024-08-03 02:01,15536.583,83.55406951904297,76017.23,25.674480438232425,71580.4,16.18191909790039,20,72585.28,39.62277221679688,30124.984,67.43952178955078,73566.77,41.06471252441406,7,71484.41,33.22589492797852,24949.982,73.20584106445312,84379.484,31.18685340881348,9,8,0.007,308,672,732,64,13,11,0.55,add,512
2024-08-02 18:03,12766.6455,86.8054428100586,76379.25,30.07254219055176,79636.875,25.454734802246094,29,74556.266,38.614219665527344,16367.492,82.60853576660156,84572.77,30.496976852416992,20,75764.2,32.58048629760742,14053.991,84.99373626708984,75327.484,37.59071731567383,24,16,0.006,228,772,772,128,17,8,0.49,add,512
2024-08-02 22:02,13684.313,85.4753189086914,80413.96,37.42208862304688,85187.9,17.7287654876709,25,115788.945,24.73866844177246,211850.31,-35.34282684326172,90371.016,31.45068359375,1,90371.016,31.45068359375,211850.31,-35.34282684326172,115788.945,24.73866844177246,1,8,0.009,348,832,732,64,17,8,0.52,add,512
2024-08-03 03:28,14820.934,84.29583740234375,80754.555,31.020416259765625,85989.414,8.423208236694336,19,86000.73,36.86392593383789,108947.09,24.09211540222168,91788.32,21.27402877807617,1,91788.32,21.27402877807617,108947.09,24.09211540222168,86000.73,36.86392593383789,1,8,0.01,368,792,952,128,12,11,0.53,add,512
2024-08-03 05:27,18132.35,81.17687225341797,74450.766,34.43941879272461,91925.68,-2.9836792945861816,20,73090.61,43.9277458190918,25348.195,75.14928436279297,83925.3,23.24554443359375,11,76845.29,12.545042037963867,69661.84,22.729576110839844,82859.516,9.06867504119873,1,16,0.003,248,632,792,256,13,11,0.45,add,1024
2024-08-02 15:52,12925.367,86.29570007324219,76358.13,17.02316665649414,101761.98,-33.97871398925781,31,70079.164,31.961305618286133,20023.012,79.23855590820312,88336.68,-1.3886202573776243,21,104334.62,-5.586203575134277,123749.14,-12.361798286437988,167715.88,-40.64980697631836,1,8,0.019,228,812,792,256,15,13,0.55,add,1024
2024-08-02 23:24,26865.043,73.57495880126953,87743.14,33.63471984863281,75954.61,31.96353530883789,12,87743.14,33.63471984863281,26865.043,73.57495880126953,75954.61,31.96353530883789,12,71790.83,26.18415260314941,27614.494,70.94638061523438,83289.14,36.07807540893555,11,8,0.001,348,832,812,256,19,11,0.54,add,1024
2024-08-03 04:44,11492.844,87.79006958007812,75477.266,33.857398986816406,77490.375,18.583646774291992,23,72225.36,35.22357177734375,17882.588,80.5093994140625,80620.49,13.034139633178713,13,77435.37,19.90984344482422,14120.786,85.62834930419922,77312.11,34.75528335571289,19,8,0.004,288,692,632,128,15,12,0.44,add,512
2024-08-03 03:38,18234.729,81.3902359008789,81958.81,26.978172302246094,91631.37,-16.77008628845215,20,76951.88,27.16886711120605,23187.277,76.87083435058594,92071.96,-18.268957138061523,13,87909.37,39.38894271850586,93207.59,28.919233322143555,92399.7,42.57524490356445,1,28,0.005,388,732,652,128,18,13,0.62,add,512
2024-08-03 04:37,20846.27,78.09937286376953,77350.67,43.593223571777344,78247.49,29.95295143127441,11,66546.73,49.13637924194336,51487.223,53.3756103515625,65480.965,39.18864059448242,1,65480.965,39.18864059448242,51487.223,53.3756103515625,66546.73,49.13637924194336,1,16,0.003,348,732,732,64,14,12,0.41,add,512
2024-08-02 22:38,17309.992,82.06498718261719,74699.17,39.61923599243164,80401.305,27.065629959106445,18,74024.664,39.65967178344727,18629.846,80.88086700439453,80087.7,24.47121238708496,16,81485.19,27.647430419921875,17497.746,81.821533203125,75536.73,39.19987869262695,19,28,0.002,448,812,852,256,16,9,0.48,add,512
2024-08-02 17:43,18515.158,80.6849594116211,107459.82,24.576465606689453,83210.516,43.38497161865234,19,85402.14,40.84193420410156,65014.383,38.94357299804688,78374.58,38.53474044799805,1,78374.58,38.53474044799805,65014.383,38.94357299804688,85402.14,40.84193420410156,1,8,0.007,488,852,632,64,12,10,0.63,add,1024
2024-08-02 23:28,15066.81,84.25177001953125,75291.66,39.90810394287109,76683.055,39.58434677124024,20,74861.555,39.551414489746094,16536.734,83.10212707519531,78964.625,41.75222396850586,16,73803.53,36.218505859375,20112.035,78.7415542602539,75194.26,32.18352127075195,13,16,0.003,408,792,672,64,19,11,0.43,add,1024
2024-08-02 23:38,15209.683,83.96298217773438,75544.35,39.76033020019531,77944.516,31.934043884277344,20,73546.86,41.78544998168945,17078.137,81.58657836914062,77418.18,29.794870376586918,15,74856.33,27.443946838378903,23047.625,76.68968200683594,80763.1,35.12943649291992,12,16,0.002,368,852,852,128,18,10,0.45,add,512
2024-08-03 04:15,15247.994,84.44737243652344,74822.25,39.44271469116211,74548.24,31.140871047973636,20,74822.25,39.44271469116211,15247.994,84.44737243652344,74548.24,31.140871047973636,20,77380.734,26.606121063232425,23380.734,75.5189437866211,80147.44,34.27165222167969,11,28,0.004,268,632,852,256,14,11,0.4,add,512
2024-08-02 20:47,14844.252,84.48921966552734,71794.88,39.48622894287109,76714.06,29.24085998535156,20,70744.125,35.20192337036133,18725.336,78.3722152709961,78646.61,16.727083206176758,14,73646.48,36.2722053527832,22990.957,75.76545715332031,75228.63,36.93000793457031,9,16,0.006,508,752,752,128,18,10,0.5,add,512
2024-08-03 03:12,16348.748,83.04598236083984,83526.42,39.723731994628906,84332.984,33.45871353149414,19,87679.99,33.69342803955078,23202.01,74.98973083496094,82393.375,30.881763458251957,12,79815.68,39.07169723510742,31374.883,67.08615112304688,91744.14,33.14808654785156,7,28,0.004,308,792,652,128,15,10,0.55,add,512
2024-08-03 03:58,21081.953,78.05278778076172,80052.234,29.202152252197266,85501.71,11.879087448120115,11,78902.39,32.12895965576172,71655.16,42.10921478271485,74392.12,34.85546112060547,1,74392.12,34.85546112060547,71655.16,42.10921478271485,78902.39,32.12895965576172,1,16,0.005,328,652,712,256,14,12,0.4,add,1024
2024-08-02 20:59,17412.943,81.78108215332031,77020.86,38.26369094848633,82175.78,31.88661766052246,20,74320.914,32.94277572631836,22269.629,76.50617218017578,78531.24,17.791702270507812,12,80493.07,19.683473587036133,222965.58,-42.58354568481445,89918.07,31.14362144470215,2,28,0.003,448,692,672,256,20,12,0.46,add,512
2024-08-02 20:03,11852.886,87.49767303466797,71058.68,30.44045066833496,80152.805,22.02287483215332,38,70873.234,33.96986770629883,12460.468,86.87641906738281,80002.08,25.687070846557617,34,66454.68,29.12648582458496,224876.31,-37.43974304199219,140185.55,5.882055282592773,1,16,0.018,288,632,832,64,14,11,0.5700000000000001,add,512
2024-08-03 04:32,17949.96,81.12226104736328,77417.12,38.3295783996582,80254.06,36.0045280456543,20,76137.11,42.13330459594727,20107.045,79.60578155517578,81361.945,43.22586441040039,15,74041.4,28.34209442138672,41237.664,60.1484260559082,91339.875,22.77010154724121,9,16,0.005,348,712,752,64,14,11,0.51,add,1024
2024-08-03 05:17,13799.403,85.24207305908203,70112.164,42.514591217041016,80166.33,26.96619987487793,20,69384.53,43.31917953491211,17115.404,81.50138854980469,81674.94,21.93854331970215,13,81992.39,28.850265502929688,306000.34,-68.04719543457031,289707.78,-50.9953727722168,1,8,0.006,328,672,752,128,14,12,0.49,add,512
2024-08-02 19:52,14759.258,84.53135681152344,75215.51,34.79497146606445,87065.21,-9.24948024749756,30,75051.84,36.11608505249024,15416.878,84.33016967773438,87075.58,-9.144991874694824,25,77409.07,28.995267868041992,83117.3,34.34163284301758,86050.46,21.339319229125977,1,28,0.004,248,672,852,128,20,12,0.43,add,1024
2024-08-03 04:41,15655.665,83.76494598388672,77137.89,21.613689422607425,81443.73,4.660368919372559,18,70983.78,33.15303039550781,26441.988,72.257080078125,83077.37,13.056647300720217,8,74174.74,23.263124465942383,70597.62,31.656312942504883,81136.65,32.93950653076172,2,28,0.002,388,612,652,256,16,12,0.45,add,512
2024-08-02 22:15,24824.541,74.04411315917969,83992.016,26.707080841064453,85663.98,4.524479866027832,10,73826.695,50.737911224365234,52812.79,54.58092880249024,71996.414,48.64628601074219,1,71996.414,48.64628601074219,52812.79,54.58092880249024,73826.695,50.737911224365234,1,8,0.002,328,812,892,128,15,10,0.47,add,512
2024-08-02 17:02,14056.646,85.11308288574219,74942.28,40.66321563720703,88644.75,30.32096672058105,29,74040.65,42.310150146484375,17070.46,82.1385726928711,86259.336,34.966766357421875,20,95198.484,37.765724182128906,127944.26,24.342872619628903,137333.56,20.321216583251957,1,16,0.012,408,692,712,128,20,10,0.45,add,1024
2024-08-02 15:56,31511.137,66.83403778076172,73129.46,37.34861755371094,82037.01,30.261335372924805,9,86655.99,17.492124557495117,39234.145,61.44359588623047,93240.17,0.2218998819589615,10,637743.3,-354.3986511230469,4256055.5,-2368.227294921875,3361746.2,-1217.78857421875,1,8,0.034,268,672,872,64,14,13,0.7,add,512
2024-08-03 05:12,20707.145,78.55046081542969,79956.41,30.09101676940918,84099.516,13.201943397521973,11,78283.516,27.667314529418945,73823.78,37.401649475097656,74461.914,27.986236572265625,1,74461.914,27.986236572265625,73823.78,37.401649475097656,78283.516,27.667314529418945,1,16,0.004,268,652,732,128,14,11,0.4,add,1024
2024-08-03 04:58,17110.43,82.02130126953125,83675.25,39.46048355102539,82646.59,44.50014114379883,18,86790.89,37.64826202392578,81239.9,28.99402618408203,75103.81,33.85136795043945,1,75103.81,33.85136795043945,81239.9,28.99402618408203,86790.89,37.64826202392578,1,8,0.005,368,712,672,64,13,11,0.54,add,1024
2024-08-03 05:22,14285.827,84.84687805175781,76908.32,35.465999603271484,83189.61,21.446260452270508,19,76901.84,36.42787551879883,16463.352,82.63896179199219,83385.2,23.41858291625977,15,83815.04,12.773663520812988,18639.182,80.66077423095703,79262.87,29.614734649658203,12,8,0.007,268,552,792,128,13,11,0.45,add,512
2024-08-03 05:29,22683.912,75.4910888671875,83377.945,33.33269119262695,79141.52,41.144229888916016,10,75512.555,27.0282039642334,63842.215,36.2207260131836,73194.88,24.633590698242188,1,73194.88,24.633590698242188,63842.215,36.2207260131836,75512.555,27.0282039642334,1,8,0.004,308,732,692,64,14,12,0.41,add,1024
2024-08-02 19:19,11705.034,87.812744140625,76413.6,37.11592483520508,76296.03,27.20176124572754,26,74019.06,37.77056121826172,19230.188,79.5691909790039,75792.74,31.074121475219727,16,76296.03,27.20176124572754,11705.034,87.812744140625,76413.6,37.11592483520508,26,8,0.003,248,592,852,256,20,9,0.41,add,512
2024-08-03 04:20,13966.628,85.33566284179688,73195.22,39.547977447509766,78273.266,30.25076103210449,20,73195.22,39.547977447509766,13966.628,85.33566284179688,78273.266,30.25076103210449,20,78291.52,31.24831962585449,14237.719,85.44009399414062,73995.17,40.85494995117188,18,8,0.003,288,692,792,128,14,10,0.45,add,512
2024-08-03 04:04,13454.092,85.94159698486328,75145.49,39.124542236328125,77482.23,28.063215255737305,19,75005.29,38.86355972290039,15942.944,83.48193359375,77191.93,28.56028938293457,14,75358.88,34.93765640258789,19819.674,81.91712951660156,73136.4,38.56184768676758,13,16,0.004,348,732,792,128,12,11,0.43,add,512
2024-08-02 16:42,11739.146,87.25919342041016,79379.164,36.65349578857422,78911.56,24.80813789367676,33,76285.25,34.15477752685547,14969.169,83.90371704101562,77929.12,17.142494201660156,24,77860.84,24.83863067626953,12583.11,86.96927642822266,78916.42,37.02190780639648,30,8,0.015,348,752,532,128,17,8,0.56,add,512
2024-08-03 02:32,18579.309,80.9781723022461,82250.71,35.19212341308594,75267.0,40.78239059448242,20,80477.98,36.69220352172852,21276.04,78.2490234375,74298.17,42.46484375,14,70232.88,40.25480651855469,24779.674,75.06765747070312,81966.805,33.29462814331055,11,16,0.002,348,712,792,64,15,12,0.44,add,1024
2024-08-02 15:48,22989.377,75.49935150146484,85140.1,22.17047500610352,94814.38,3.3312923908233643,13,93523.09,28.247543334960938,34158.97,63.22306823730469,88213.46,29.3476619720459,6,75430.234,31.92731475830078,32267.824,62.93836975097656,81631.125,35.49197006225586,5,8,0.028,368,772,512,256,7,12,0.47,add,512
2024-08-02 18:07,12859.665,86.64598083496094,99921.734,22.248912811279297,79189.86,15.233473777770996,26,96034.49,27.073301315307617,18093.006,81.18801879882812,76216.98,27.06302261352539,17,76216.98,27.06302261352539,18093.006,81.18801879882812,96034.49,27.073301315307617,17,16,0.009,288,792,572,64,16,11,0.46,add,512
2024-08-03 01:39,13913.444,84.99385833740234,75249.46,39.37041091918945,76691.03,41.58892059326172,20,75145.28,46.01169967651367,53841.26,44.91440200805664,68312.0,42.72877502441406,1,68312.0,42.72877502441406,53841.26,44.91440200805664,75145.28,46.01169967651367,1,8,0.004,448,852,832,64,12,12,0.48,add,512
2024-08-03 03:18,25939.836,72.02880859375,75454.69,36.4234619140625,79917.64,21.83918571472168,9,73531.125,46.16640472412109,54544.242,45.88435363769531,67519.914,42.32039642333984,1,67519.914,42.32039642333984,54544.242,45.88435363769531,73531.125,46.16640472412109,1,16,0.002,328,652,832,256,12,11,0.44,add,512
2024-08-02 21:49,8884.794,90.58753967285156,72787.28,43.47450637817383,77092.64,29.676692962646484,48,72675.74,42.99005126953125,9164.913,90.09268188476562,77139.37,28.87759780883789,44,74621.16,36.32305145263672,13523.235,86.36553192138672,76014.984,44.43856048583984,28,16,0.004,368,752,852,64,14,11,0.43,add,512
2024-08-02 17:48,36409.676,61.33589553833008,80690.24,31.294654846191406,82602.82,16.182504653930664,10,76284.32,25.754512786865234,62501.32,35.531368255615234,71192.21,22.69719123840332,1,71192.21,22.69719123840332,62501.32,35.531368255615234,76284.32,25.754512786865234,1,28,0.005,308,1032,792,64,17,10,0.56,add,1024
2024-08-03 03:15,15522.088,84.0636215209961,71917.28,27.74409294128418,80863.17,-0.0523949973285198,20,71936.69,25.745473861694336,18586.17,80.1844711303711,86642.39,-11.129874229431152,13,81190.04,0.1063900664448738,23906.396,77.17280578613281,77840.31,22.763580322265625,11,28,0.003,448,832,772,128,15,10,0.49,add,512
2024-08-02 22:44,11891.064,87.73707580566406,73783.73,36.10485076904297,74855.125,19.34920310974121,27,75007.59,33.781715393066406,11885.16,87.56790161132812,75009.305,17.308937072753906,28,73114.37,22.38866424560547,15339.943,84.43501281738281,78716.086,31.094226837158203,21,16,0.002,468,712,732,256,20,10,0.44,add,512
2024-08-03 05:09,25083.207,72.93795776367188,81308.37,35.2337646484375,89775.56,6.162534713745117,11,73508.664,48.43463516235352,65952.98,39.92249298095703,72631.4,45.28861618041992,1,72631.4,45.28861618041992,65952.98,39.92249298095703,73508.664,48.43463516235352,1,8,0.007,328,692,752,64,15,10,0.47,add,512
2024-08-02 23:32,13787.524,85.42924499511719,77854.02,41.50785446166992,83284.11,21.62593078613281,20,77441.95,37.65279006958008,27101.535,70.28723907470703,84974.13,18.87154006958008,9,73774.79,44.53963088989258,56227.266,47.9742431640625,98550.086,34.97841262817383,1,8,0.004,388,732,692,64,15,11,0.45,add,512
2024-08-02 16:21,21522.951,77.6617202758789,84074.664,33.9217643737793,91904.164,33.65868377685547,20,48918750.0,-17341.494140625,180264180.0,-102657.78125,1950987.8,-387.4278564453125,1,1950987.8,-387.4278564453125,180264180.0,-102657.78125,48918750.0,-17341.494140625,1,16,0.056,368,672,772,256,15,12,0.64,add,512
2024-08-02 19:04,12351.336,87.21377563476562,72918.04,33.47935104370117,75749.62,22.64033508300781,30,72234.06,36.18955612182617,14807.78,83.72137451171875,76757.83,22.629243850708008,22,75591.0,24.498130798339844,12561.27,87.12779235839844,72851.3,34.99972152709961,29,16,0.012,368,732,772,128,15,10,0.48,add,512
2024-08-03 02:46,15327.355,83.38726043701172,74754.38,34.987525939941406,84346.11,5.008487701416016,26,73801.98,39.029563903808594,19154.223,80.53640747070312,85332.35,13.06019687652588,17,77926.34,18.054147720336918,79165.516,24.578826904296875,85771.24,10.80559539794922,1,28,0.002,488,772,752,256,13,14,0.47,add,1024
2024-08-02 19:08,16465.61,82.16184997558594,71649.87,33.34409713745117,95701.37,11.332770347595217,23,75497.414,40.4505729675293,24179.787,75.23692321777344,95105.125,25.37450790405273,14,143615.84,-105.03297424316406,110023.03,12.93516731262207,159660.42,-63.47319793701172,6,16,0.03,428,652,632,128,13,12,0.48,add,512
2024-08-03 05:02,25080.645,75.87992095947266,98257.82,20.699996948242188,76668.9,18.54115104675293,11,76535.11,40.26454925537109,67133.48,49.63516616821289,72441.586,40.171382904052734,1,72441.586,40.171382904052734,67133.48,49.63516616821289,76535.11,40.26454925537109,1,16,0.003,328,712,732,256,15,11,0.48,add,1024
2024-08-03 03:22,19038.484,80.85591888427734,84971.58,26.02186393737793,92424.56,-5.683650493621826,20,1329017.2,-1123.1109619140625,1888704.4,-1821.4422607421875,2116476.8,-1962.1910400390625,1,2116476.8,-1962.1910400390625,1888704.4,-1821.4422607421875,1329017.2,-1123.1109619140625,1,16,0.019,308,752,672,256,18,10,0.64,add,1024
2024-08-02 20:44,12778.246,86.94974517822266,77607.62,33.44386672973633,82405.59,15.298544883728027,25,77280.6,40.45646667480469,18893.1,80.96537017822266,80085.89,26.810121536254883,16,77566.125,39.02423858642578,51607.613,51.45314025878906,83510.56,40.55950546264648,1,16,0.007,368,712,872,256,11,11,0.49,add,512
2024-08-03 01:07,25209.422,74.35874938964844,87043.55,28.54266166687012,88042.164,15.107745170593262,10,77186.3,44.36335372924805,66650.234,44.16170501708984,75871.04,46.80244064331055,1,75871.04,46.80244064331055,66650.234,44.16170501708984,77186.3,44.36335372924805,1,8,0.006,328,792,772,64,12,13,0.4,add,512
2024-08-02 19:18,16559.568,83.07383728027344,86251.27,34.361602783203125,83953.45,32.50893783569336,22,2158861.5,-897.2815551757812,1990855.9,-1236.47900390625,724751.2,-817.4664306640625,1,724751.2,-817.4664306640625,1990855.9,-1236.47900390625,2158861.5,-897.2815551757812,1,28,0.012,288,832,672,128,17,10,0.52,add,512
2024-08-02 20:41,16785.16,82.31521606445312,81221.38,29.305673599243164,74144.195,21.14124298095703,25,82142.94,25.3206844329834,74638.7,36.885780334472656,75105.21,30.46855354309082,1,75105.21,30.46855354309082,74638.7,36.885780334472656,82142.94,25.3206844329834,1,28,0.002,388,752,832,128,12,10,0.52,add,1024
2024-08-03 00:57,24410.633,73.88525390625,83696.31,28.65509033203125,88744.94,-9.34116554260254,11,79239.48,31.55600929260254,73536.07,43.68898391723633,74666.52,32.880855560302734,1,74666.52,32.880855560302734,73536.07,43.68898391723633,79239.48,31.55600929260254,1,8,0.003,388,832,652,256,17,12,0.46,add,1024
2024-08-03 03:37,26788.324,71.55828094482422,80754.06,30.623329162597656,81040.32,3.1367318630218506,11,73583.58,40.17327499389648,55761.723,48.95052337646485,69197.66,37.8975715637207,1,69197.66,37.8975715637207,55761.723,48.95052337646485,73583.58,40.17327499389648,1,8,0.006,348,592,732,64,14,10,0.54,add,1024
2024-08-02 23:57,28874.117,68.08917236328125,83602.03,26.334028244018555,83602.29,28.419321060180664,10,76160.6,52.63838958740234,60739.613,58.42118835449219,74775.56,51.39857864379883,1,74775.56,51.39857864379883,60739.613,58.42118835449219,76160.6,52.63838958740234,1,28,0.001,408,872,612,128,15,10,0.51,add,512
2024-08-03 01:57,12407.529,86.74185180664062,84444.484,29.49728775024414,79308.66,6.606139183044434,24,84734.664,36.88800811767578,79179.19,44.316104888916016,78401.086,44.48926544189453,1,75108.24,22.98413848876953,18429.764,80.2293930053711,86974.734,34.33413314819336,17,28,0.002,388,852,632,128,20,11,0.46,add,512
2024-08-03 03:45,13457.978,85.81315612792969,73006.95,39.1298713684082,79987.695,23.897499084472656,20,73942.38,39.02159881591797,14119.66,85.19966125488281,80278.5,25.77176094055176,18,73836.3,51.72969055175781,52369.5,55.26312255859375,80394.12,47.83698272705078,1,8,0.003,328,652,772,64,14,10,0.48,add,512
2024-08-03 02:49,16466.555,83.11071014404297,80639.36,28.77200698852539,76900.62,31.743492126464844,19,80462.914,29.331039428710938,16529.06,83.10396575927734,77036.375,32.39177322387695,20,78765.36,26.18299674987793,29033.73,68.26993560791016,85333.38,26.863229751586918,9,28,0.006,348,652,632,256,19,11,0.5700000000000001,add,512
2024-08-02 19:36,17480.986,81.47654724121094,74868.05,30.327455520629883,94581.48,-5.265713214874268,20,73417.74,33.492340087890625,29500.984,67.65172576904297,84780.305,2.5831944942474365,9,71902.67,37.85421752929688,72366.13,36.15103149414063,74380.21,38.219757080078125,1,28,0.007,288,772,792,128,18,9,0.44,add,1024
2024-08-03 03:46,12143.915,87.24003601074219,77791.93,26.90304946899414,77424.23,30.32408905029297,29,76273.77,33.26276016235352,18128.16,81.2914810180664,80088.19,22.39065933227539,17,73482.23,44.15303421020508,63057.22,45.88194274902344,92185.305,37.99832534790039,1,16,0.004,448,752,752,64,15,12,0.5,add,512
2024-08-03 00:52,14244.519,84.45378112792969,77981.94,26.716020584106445,78218.63,13.166833877563477,20,75528.945,30.32423973083496,19301.139,80.17894744873047,74987.32,21.376352310180664,14,74987.32,21.376352310180664,19301.139,80.17894744873047,75528.945,30.32423973083496,14,28,0.002,388,812,752,64,16,14,0.47,add,512
2024-08-03 03:02,16123.927,83.101318359375,72487.25,47.60540771484375,78240.18,40.405086517333984,20,82344.57,41.51367568969727,24630.676,71.78216552734375,86622.92,35.42084884643555,11,77266.99,18.34960556030273,68643.16,23.4357852935791,83871.305,12.930304527282717,1,16,0.003,408,812,692,128,14,12,0.43,add,512
2024-08-02 22:19,16410.78,83.23731994628906,72494.586,37.50957489013672,75697.95,21.446260452270508,21,69002.05,30.76020622253418,21752.705,77.62417602539062,79469.03,7.0308685302734375,13,72812.93,30.15610694885254,16436.115,82.41889953613281,75287.16,40.517539978027344,23,16,0.002,268,792,832,64,17,11,0.46,add,512
2024-08-02 16:25,23095.223,77.13505554199219,94357.516,30.80073356628418,82019.51,32.88751602172852,11,80881.28,15.76953125,63991.64,30.902788162231445,73481.56,19.83890151977539,1,73481.56,19.83890151977539,63991.64,30.902788162231445,80881.28,15.76953125,1,16,0.002,308,912,812,64,12,9,0.5,add,1024
2024-08-03 03:53,15670.97,83.75765991210938,88148.59,29.74092674255371,84060.2,7.372132778167725,19,82314.71,32.27049255371094,16033.93,83.26880645751953,81035.516,11.70860767364502,17,72346.93,42.59264755249024,58543.17,48.57067489624024,85967.81,36.987064361572266,1,16,0.003,408,832,752,128,13,11,0.48,add,512
2024-08-02 15:59,34889.465,62.093387603759766,84780.42,29.593202590942383,91090.055,4.605891704559326,9,84512.31,22.6760196685791,78228.31,35.0469970703125,76764.29,29.973953247070312,1,76764.29,29.973953247070312,78228.31,35.0469970703125,84512.31,22.6760196685791,1,28,0.002,328,932,952,64,20,8,0.53,add,512
2024-08-03 01:19,27980.91,72.5833969116211,84409.44,35.19607925415039,86092.984,7.767928600311279,10,84480.8,24.834033966064453,77033.52,36.175880432128906,77107.93,33.27333450317383,1,75416.234,41.23464584350586,57464.53,50.610687255859375,75024.59,47.67363357543945,3,28,0.001,388,772,692,128,17,14,0.53,add,512
2024-08-03 02:11,19412.88,79.72442626953125,85711.04,29.9680118560791,80975.945,22.575271606445312,18,85680.445,21.1658992767334,33665.52,64.65022277832031,79009.96,8.439960479736328,9,80799.48,22.840721130371094,36839.395,64.92015075683594,81219.46,34.32255172729492,8,28,0.003,428,672,672,64,17,15,0.47,add,1024
2024-08-02 21:11,13968.215,85.79596710205078,88977.234,29.2456111907959,80908.13,14.915169715881348,27,81347.305,33.16740798950195,34596.254,61.34333801269531,83639.79,23.513280868530277,11,82051.44,-5.891449451446533,24602.252,74.0431900024414,85207.87,14.630271911621094,15,8,0.009,368,712,792,64,18,7,0.5700000000000001,add,512
2024-08-03 01:16,17918.662,81.62882232666016,79513.68,28.540281295776367,76654.88,16.34030532836914,20,81336.01,24.60928726196289,21662.775,78.54175567626953,79445.02,8.755892753601074,13,77895.01,26.924474716186523,82843.05,33.21282196044922,85869.88,19.82253074645996,1,16,0.002,368,752,652,256,20,12,0.49,add,1024
2024-08-03 03:41,14631.473,84.26531219482422,72622.21,47.671165466308594,75816.55,32.66407775878906,20,72447.984,48.16236114501953,14654.475,84.31824493408203,75709.555,32.96879959106445,19,61913.863,36.14599609375,77005.41,26.745813369750977,75046.61,37.75332260131836,1,8,0.005,328,752,752,128,13,11,0.4,add,512
2024-08-02 22:32,10560.605,88.8456039428711,79134.195,38.8716926574707,73536.22,41.516510009765625,27,73139.84,35.46308898925781,16435.2,82.44133758544922,71358.64,37.503692626953125,17,72533.16,38.4924201965332,13157.055,86.1017837524414,76453.52,37.04513168334961,20,8,0.006,268,852,712,64,15,9,0.4,add,512
2024-08-02 23:30,24595.834,73.37679290771484,74050.516,37.83451461791992,75314.38,38.68207550048828,14,70514.44,43.38520050048828,58148.836,40.44021987915039,67907.41,35.470760345458984,2,67907.41,35.470760345458984,58148.836,40.44021987915039,70514.44,43.38520050048828,2,8,0.001,408,732,732,128,15,13,0.48,add,512
2024-08-03 04:07,14576.752,84.62386322021484,74961.06,41.033016204833984,78083.75,25.18158721923828,20,76550.79,36.99190521240234,18263.074,79.74340057373047,79813.305,19.301233291625977,14,77418.96,26.13423728942871,14726.125,84.7507095336914,74775.96,40.83014678955078,18,16,0.005,408,712,652,128,13,9,0.42,add,512
2024-08-03 04:00,25903.006,71.4209213256836,81260.836,30.07302474975586,86205.36,23.45166015625,11,85480.3,14.84188175201416,80247.03,29.403751373291016,78170.63,21.08722877502441,1,78170.63,21.08722877502441,80247.03,29.403751373291016,85480.3,14.84188175201416,1,8,0.002,408,712,772,128,15,10,0.44,add,1024
2024-08-02 19:12,25847.299,72.56451416015625,91505.23,24.08499526977539,84510.18,9.407291412353516,10,79219.33,48.50686264038086,60536.695,48.34864807128906,76714.83,38.38346099853516,1,76714.83,38.38346099853516,60536.695,48.34864807128906,79219.33,48.50686264038086,1,28,0.005,328,772,632,128,16,8,0.55,add,512
2024-08-02 17:50,35152.02,61.6378288269043,89474.98,31.92605209350586,92927.95,17.96368980407715,9,84064.414,17.42074203491211,76276.29,20.32468605041504,76572.84,23.816465377807617,1,76572.84,23.816465377807617,76276.29,20.32468605041504,84064.414,17.42074203491211,1,16,0.006,308,792,632,128,14,9,0.55,add,512
2024-08-02 18:42,15217.273,84.3653793334961,84936.734,39.82144927978516,77463.32,35.097206115722656,27,101969.016,21.498565673828125,231321.45,-47.20132446289063,70605.07,38.79505920410156,1,70605.07,38.79505920410156,231321.45,-47.20132446289063,101969.016,21.498565673828125,1,16,0.012,348,712,792,128,16,11,0.6000000000000001,add,512
2024-08-02 16:03,16055.0,82.82566833496094,79268.74,18.750301361083984,92069.39,-5.790284156799316,27,79652.0,22.16692352294922,20956.32,79.25717163085938,87225.125,7.608939170837402,18,890571260.0,-1072362.875,1774576500.0,-1320123.125,1628229400.0,-1325227.875,1,16,0.038,368,812,792,256,15,9,0.5900000000000001,add,1024
2024-08-02 23:07,15677.803,83.58942413330078,79117.18,32.04541778564453,74423.44,31.35734367370605,20,74417.48,30.094024658203125,79030.4,25.2011661529541,72395.49,10.026495933532717,1,72322.05,39.32595443725586,23364.418,75.2992935180664,80349.8,34.072322845458984,10,28,0.006,168,812,912,128,14,11,0.4,add,512
2024-08-02 16:24,27305.012,71.4751205444336,85547.73,46.35545349121094,87458.29,45.05579376220703,12,79936.086,24.070667266845703,64941.97,32.147647857666016,73823.664,29.56266021728516,1,72627.375,41.10076141357422,48659.547,54.318477630615234,101000.555,27.183990478515625,6,16,0.002,368,752,712,64,13,10,0.5900000000000001,add,512
2024-08-02 23:34,14297.535,85.1416244506836,77565.6,33.38218688964844,76371.82,16.352699279785156,21,76368.125,34.51948547363281,29901.438,69.76432800292969,74912.01,21.61539459228516,9,74912.01,21.61539459228516,29901.438,69.76432800292969,76368.125,34.51948547363281,9,8,0.002,308,872,672,64,20,11,0.42,add,512
2024-08-02 18:44,16510.379,82.13121032714844,81604.86,36.50540542602539,85645.41,22.879627227783203,20,79271.23,39.81507110595703,18609.1,80.17462921142578,83495.21,30.99107551574707,15,82923.414,26.566770553588867,17819.371,80.83316040039062,81062.46,37.90159225463867,16,8,0.045,408,712,592,128,14,11,0.67,add,512
2024-08-03 04:53,14696.708,84.65438842773438,82916.23,39.38667678833008,82973.16,25.97194099426269,23,78907.02,50.32004165649414,55820.52,49.39180755615234,80105.34,46.49937438964844,1,80105.34,46.49937438964844,55820.52,49.39180755615234,78907.02,50.32004165649414,1,16,0.003,228,672,712,128,13,11,0.5,add,512
2024-08-03 03:47,21730.361,77.02777099609375,92739.49,38.61612701416016,80814.14,39.45872497558594,11,76360.52,37.49213790893555,54718.824,46.477012634277344,68626.664,33.919586181640625,1,68626.664,33.919586181640625,54718.824,46.477012634277344,76360.52,37.49213790893555,1,8,0.002,428,672,872,64,10,12,0.42,add,512
2024-08-02 21:47,19390.307,79.53749084472656,88255.97,34.01496124267578,77758.08,29.56361198425293,11,79239.03,49.92918395996094,54059.47,59.6162338256836,74493.25,54.24931716918945,1,74493.25,54.24931716918945,54059.47,59.6162338256836,79239.03,49.92918395996094,1,8,0.001,348,732,772,64,12,13,0.46,add,512
2024-08-03 03:57,12782.896,86.66568756103516,73752.34,33.16964340209961,76845.63,12.616318702697754,24,70586.625,33.74738311767578,18938.467,79.07765197753906,76513.02,14.283731460571287,14,75338.69,16.296524047851562,14347.844,85.24320220947266,73603.94,37.10064315795898,21,16,0.006,388,692,672,256,15,10,0.45,add,512
2024-08-02 20:21,12113.344,87.73798370361328,73298.55,40.80556106567383,77229.36,15.948745727539062,27,74474.664,41.33754348754883,13366.045,85.73009490966797,77863.55,16.890674591064453,24,77354.35,50.79791641235352,55907.504,53.91096115112305,83194.76,50.8015251159668,1,8,0.003,348,632,792,128,13,13,0.47,add,512
2024-08-02 17:27,21629.504,78.26789093017578,104477.57,18.330951690673828,91249.3,-1.821605563163757,11,70862.234,54.06034469604492,55008.953,51.5461540222168,70214.3,47.17098617553711,1,70214.3,47.17098617553711,55008.953,51.5461540222168,70862.234,54.06034469604492,1,16,0.003,408,672,632,256,17,11,0.63,add,512
2024-08-02 22:57,25582.578,73.67926788330078,81453.51,30.91414833068848,79549.62,28.0946044921875,11,72747.45,22.374908447265625,59188.688,37.20601272583008,73538.375,9.469301223754885,1,73538.375,9.469301223754885,59188.688,37.20601272583008,72747.45,22.374908447265625,1,8,0.005,388,772,792,128,16,10,0.48,add,1024
2024-08-02 19:29,14840.693,84.15288543701172,77831.9,27.92780113220215,75223.29,37.793243408203125,20,77795.51,29.2014102935791,15431.046,83.38348388671875,74692.695,38.18756866455078,17,70114.88,31.389467239379883,44238.43,55.21830368041992,122360.22,15.68641471862793,6,8,0.007,488,732,752,64,18,10,0.46,add,512
2024-08-02 19:21,24495.406,74.98877716064453,86828.0,34.49184036254883,85579.68,31.62806701660156,20,82660.805,28.54026985168457,56078.02,46.61112976074219,73022.8,39.77213668823242,11,72986.02,36.82571792602539,37138.72,61.878173828125,110809.14,22.548206329345703,12,16,0.029,348,772,792,64,15,12,0.56,add,512
2024-08-02 23:40,16141.913,83.15987396240234,81063.1,33.13010025024414,87298.25,19.59984588623047,19,81224.21,25.59343719482422,25119.898,72.66551971435547,87420.91,8.1161527633667,10,75466.66,37.5709114074707,37753.805,67.25041961669922,99076.31,29.263437271118164,6,16,0.004,348,672,732,128,18,11,0.54,add,512
2024-08-02 18:16,14948.722,84.22742462158203,84246.46,31.047340393066406,81841.81,29.53675651550293,20,187123.66,-46.16115188598633,235128.34,-57.96616363525391,86812.41,-14.321341514587402,1,86812.41,-14.321341514587402,235128.34,-57.96616363525391,187123.66,-46.16115188598633,1,28,0.007,328,732,732,256,18,12,0.5,add,512
2024-08-02 23:14,13889.422,85.26811981201172,78964.35,31.199371337890625,79877.984,33.56941223144531,20,103876.01,35.99736785888672,53133.094,54.04700469970703,82492.07,45.858734130859375,1,82492.07,45.858734130859375,53133.094,54.04700469970703,103876.01,35.99736785888672,1,8,0.003,308,812,992,128,13,9,0.48,add,512
2024-08-02 20:15,11381.222,88.39383697509766,73170.3,38.62416458129883,73677.17,36.95865631103516,27,73008.47,42.31772232055664,12324.533,87.51011657714844,74461.42,39.65714263916016,24,75523.695,40.55009841918945,16471.008,82.62841796875,74285.89,39.6652946472168,17,16,0.004,448,652,712,64,15,9,0.4,add,512
2024-08-03 01:43,36731.223,59.75697708129883,86714.305,23.97149658203125,85984.34,14.66488265991211,10,86910.734,7.336539268493652,81138.7,22.918148040771484,78660.516,13.468253135681152,1,78660.516,13.468253135681152,81138.7,22.918148040771484,86910.734,7.336539268493652,1,28,0.004,268,812,592,256,20,14,0.44,add,1024
2024-08-03 04:16,15486.9375,83.97328186035156,68068.57,39.17228317260742,76454.71,22.930007934570312,20,67933.69,40.03872680664063,15886.98,83.68993377685547,76292.88,23.790361404418945,19,75063.97,33.547367095947266,30387.793,68.83502960205078,80435.0,36.82358169555664,7,16,0.002,388,672,772,64,14,12,0.48,add,512
2024-08-03 02:57,15750.578,83.4303970336914,81892.13,17.703784942626953,75199.72,11.426495552062988,20,79580.13,25.58374786376953,17485.062,82.75448608398438,74585.37,20.041179656982425,16,74585.37,20.041179656982425,17485.062,82.75448608398438,79580.13,25.58374786376953,16,28,0.004,368,772,632,128,18,12,0.53,add,512
