exp_date,train_rmse,train_custom_acc,val_rmse_for_best_train,val_custom_acc_for_best_train,test_rmse_for_best_train,test_custom_acc_for_best_train,train_epoch_for_best_train,val_rmse,val_custom_acc,train_rmse_for_best_val,train_custom_acc_for_best_val,test_rmse_for_best_val,test_custom_acc_for_best_val,val_epoch_for_best_val,test_rmse,test_custom_acc,train_rmse_for_best_test,train_custom_acc_for_best_test,val_rmse_for_best_test,val_custom_acc_for_best_test,test_epoch_for_best_test,skip_mode,True,False,16,0.005,48,96,512,32,4,12,13,128,11dropout,norm_type,num_heads,bs,0.001,64,8,6,9,5dropout,256,9dropout,conv,mha,mlp,use_pos,seq_len,lr,d,hid_d,last_d,tok_d,time_d,pos_d,e_layers,tok_conv_k,conv_out_d,feat_conv_k,dropout
2024-08-17 22:58,81632.69,3.868432521820069,92150.57,-15.325079917907717,85904.75,-11.458362579345703,18,89391.27,-3.5987555980682373,82058.695,13.08973789215088,81992.93,0.6949560046195984,1,81992.93,0.6949560046195984,82058.695,13.08973789215088,89391.27,-3.5987555980682373,1,conv_mlpconv,mlp,seq_len,lr,d,hid_d,last_d,tok_d,e_layers,pos_d,tok_conv_k,conv_out_d,feat_conv_k,0.2,batch,32,1024,,,,,,,,,,,,,,,,,,,,,,,,,
2024-08-17 23:10,6790.906,92.98887634277344,73402.13,30.767248153686523,82024.41,7.206738471984863,49,73159.73,30.58698463439941,8619.062,91.54476928710938,81708.16,6.80443286895752,36,73483.87,19.00208854675293,37027.105,63.76620101928711,74900.914,33.160343170166016,6,conv_mlpconv,seq_len,use_pos,lr,,,hid_d,tok_d,,e_layers,,,feat_conv_k,0.2,batch,4,1024,d,time_d,pos_d,tok_conv_k,conv_out_d,,,,,,,,,,,,,,,,,,,,
2024-08-17 23:27,17576.49,81.95494842529297,82294.016,42.14057540893555,72102.88,28.60101127624512,17,78062.695,47.70515441894531,38489.12,59.56830978393555,78211.17,39.784610748291016,5,72469.79,25.913789749145508,21536.83,78.5835952758789,101035.51,30.54891967773437,18,fullconv,seq_len,use_pos,lr,d,,last_d,tok_d,e_layers,,,conv_out_d,,,batch,4,1024,,feat_conv_k,,tok_conv_k,,0.1,,,,,,,,,,,,,,,,,,,
2024-08-17 23:48,79676.88,20.703170776367188,88917.48,1.887727975845337,82706.75,12.709128379821776,10,89045.07,-2.1163432598114014,82079.38,14.483125686645508,81570.1,2.34424376487732,1,81570.1,2.34424376487732,82079.38,14.483125686645508,89045.07,-2.1163432598114014,1,conv_mlpconv,seq_len,use_pos,lr,d,last_d,time_d,tok_d,e_layers,,tok_conv_k,conv_out_d,feat_conv_k,0.1,batch,16,1024,,,,,,,,,,,,,,,,,,,,,,,,,
2024-08-17 23:41,82057.68,12.853650093078612,89463.71,-3.89868688583374,82080.95,0.3616439402103424,2,89390.95,-3.597423553466797,82058.7,13.120101928710938,81992.54,0.6964332461357117,1,81992.54,0.6964332461357117,82058.7,13.120101928710938,89390.95,-3.597423553466797,1,conv_mlpconv,seq_len,use_pos,lr,,hid_d,,,pos_d,e_layers,tok_conv_k,,tok_d,0.1,batch,16,1024,d,last_d,,,conv_out_d,,feat_conv_k,,,,,,,,,,,,,,,,,,
2024-08-17 23:02,11030.702,88.44577026367188,82925.734,45.804080963134766,77130.99,34.82872009277344,50,80766.984,46.22831726074219,12046.735,87.06785583496094,76683.84,34.957069396972656,41,76469.25,35.90589141845703,11973.157,87.55888366699219,82855.984,45.82889938354492,39,conv_mlpconv,seq_len,use_pos,time_d,d,,hid_d,tok_d,pos_d,e_layers,,,,0.2,batch,16,1024,,feat_conv_k,tok_conv_k,,conv_out_d,,,,,,,,,,,,,,,,,,,,
2024-08-17 23:29,8079.5894,91.41594696044922,75999.59,42.44774627685547,75439.76,26.93547248840332,43,73940.31,45.48207473754883,18733.818,81.24903106689453,80057.54,27.94513702392578,18,77862.44,31.05409049987793,16666.969,82.95589447021484,73819.7,46.285037994384766,23,conv_mlpconv,seq_len,use_pos,pos_d,d,last_d,time_d,,,,,conv_out_d,feat_conv_k,,batch,32,1024,,,tok_conv_k,,,,tok_d,0.2,,,,,,,,,,,,,,,,,
2024-08-17 22:54,11402.963,87.8930892944336,70672.484,50.001731872558594,80477.164,30.04931640625,27,69308.3,48.29214859008789,12455.706,87.83324432373047,80551.59,31.97663116455078,25,72470.7,30.03350067138672,43210.227,62.10182571411133,95035.164,40.19628143310547,5,fullconv,use_pos,seq_len,lr,,last_d,time_d,tok_d,pos_d,,,conv_out_d,,,batch,32,1024,d,feat_conv_k,tok_conv_k,,,0.1,,,,,,,,,,,,,,,,,,,
2024-08-17 23:32,8240.412,91.447021484375,77074.69,42.49324798583984,79390.266,25.537525177001957,48,76525.695,44.63308334350586,10915.706,88.86176300048828,79519.18,25.11221694946289,33,74891.88,40.97502136230469,55648.47,55.35690689086914,82346.49,40.21378707885742,6,conv_mlpconv,seq_len,use_pos,time_d,,last_d,,tok_d,,pos_d,tok_conv_k,,,,batch,4,1024,d,feat_conv_k,e_layers,,conv_out_d,,,0.1,,,,,,,,,,,,,,,,,
2024-08-17 22:53,11887.271,86.81009674072266,72842.35,47.06857299804688,77432.77,27.240854263305664,28,72184.305,46.61035919189453,18444.021,79.11750030517578,79881.63,16.993898391723633,19,77000.555,30.20583915710449,15071.64,83.83692169189453,74331.9,49.5719108581543,23,fullconv,seq_len,mlp,lr,d,,last_d,,e_layers,pos_d,,,feat_conv_k,,batch,4,1024,,time_d,,tok_conv_k,conv_out_d,,tok_d,0.1,,,,,,,,,,,,,,,,,
2024-08-17 23:50,12724.898,86.78213500976562,101164.76,29.310720443725582,77072.35,26.1119441986084,34,89605.45,-4.476470947265625,82058.69,12.333999633789062,82252.8,-0.2800995409488678,1,74942.07,28.42267799377441,15892.761,81.363037109375,96958.85,28.183713912963867,30,fullconv,mlp,seq_len,pos_d,,hid_d,,,,,tok_conv_k,conv_out_d,feat_conv_k,0.2,batch,4,1024,d,last_d,e_layers,,,,tok_d,,,,,,,,,,,,,,,,,,
2024-08-17 23:28,59027.996,47.1783447265625,83027.32,35.74674606323242,106485.57,16.633642196655273,12,90130.17,-6.521326065063477,82093.18,10.463912963867188,82884.72,-2.5479073524475098,1,82884.72,-2.5479073524475098,82093.18,10.463912963867188,90130.17,-6.521326065063477,1,conv_mlpconv,mha,seq_len,e_layers,d,,time_d,tok_d,,,tok_conv_k,conv_out_d,feat_conv_k,0.1,batch,8,1024,,hid_d,pos_d,,,,,,,,,,,,,,,,,,,,,,
2024-08-17 23:13,11739.834,87.76725006103516,77799.17,33.50094223022461,79455.41,9.188215255737305,40,78635.04,40.2387809753418,36369.496,75.50035095214844,78059.89,19.39010429382324,26,78059.89,19.39010429382324,36369.496,75.50035095214844,78635.04,40.2387809753418,26,conv_mlpconv,mlp,seq_len,lr,d,,,tok_d,,e_layers,,,,,batch,4,1024,,feat_conv_k,tok_conv_k,,conv_out_d,0.1,,,,,,,,,,,,,,,,,,,
2024-08-18 00:01,19594.148,81.33622741699219,80921.22,25.74879264831543,80026.63,11.657957077026367,20,82680.3,33.96394729614258,43195.13,56.28738021850586,93798.625,20.154211044311523,6,75947.77,23.539609909057617,61003.582,46.90078353881836,74773.086,27.72881126403809,5,conv_mlpconv,mha,seq_len,lr,d,,hid_d,,time_d,e_layers,,conv_out_d,,,batch,8,1024,,feat_conv_k,tok_conv_k,,,0.2,tok_d,,,,,,,,,,,,,,,,,,
2024-08-17 23:52,44529.277,47.93828582763672,92529.4,35.66503143310547,92582.43,28.4205322265625,18,88453.586,0.6482686996459961,82189.37,16.980491638183594,80837.82,5.429148674011231,1,80837.82,5.429148674011231,82189.37,16.980491638183594,88453.586,0.6482686996459961,1,conv_mlpconv,mlp,seq_len,lr,d,,,tok_d,,,,conv_out_d,,,batch,8,1024,,last_d,tok_conv_k,,,0.2,feat_conv_k,,,,,,,,,,,,,,,,,,
2024-08-17 23:20,9580.948,89.59090423583984,76355.945,40.13661575317383,71607.14,29.923702239990234,38,74708.8,40.322078704833984,19400.922,76.890625,76320.664,23.772296905517575,20,70429.09,37.48247528076172,14725.237,86.26286315917969,78232.92,40.51799392700195,27,conv_mlpconv,use_pos,seq_len,lr,d,,hid_d,,,,,,feat_conv_k,,batch,16,1024,,time_d,tok_conv_k,,conv_out_d,,tok_d,0.2,,,,,,,,,,,,,,,,,
2024-08-17 23:17,11458.447,88.40953826904297,79207.23,38.90934371948242,83429.266,23.69244956970215,37,75871.02,38.54092788696289,19897.484,79.25218963623047,87861.35,11.139145851135254,24,80383.6,7.536112308502197,82319.26,18.70216178894043,88093.33,2.5298006534576416,1,conv_mlpconv,seq_len,use_pos,lr,d,,last_d,,pos_d,,,,tok_d,0.1,batch,8,1024,,,e_layers,tok_conv_k,conv_out_d,,feat_conv_k,,,,,,,,,,,,,,,,,,
2024-08-17 23:45,82268.51,18.082275390625,88215.664,1.8698792457580569,80538.695,6.796405792236328,2,88237.734,1.7532904148101809,82260.125,17.948022842407227,80566.58,6.665787220001221,1,80566.58,6.665787220001221,82260.125,17.948022842407227,88237.734,1.7532904148101809,1,conv_mlpconv,seq_len,use_pos,pos_d,,,hid_d,tok_d,time_d,e_layers,tok_conv_k,,,0.2,batch,16,1024,d,last_d,,,conv_out_d,,feat_conv_k,,,,,,,,,,,,,,,,,,
2024-08-17 22:55,11107.252,88.47219848632812,72813.555,41.4827880859375,82757.125,15.473684310913086,47,69777.234,45.45703125,17337.713,82.19959259033203,80618.06,27.496990203857425,25,73663.484,15.222323417663574,71937.734,34.12437057495117,81736.125,19.803302764892575,6,conv_mlpconv,seq_len,use_pos,lr,,hid_d,last_d,tok_d,,pos_d,,,,,batch,32,1024,d,feat_conv_k,tok_conv_k,,conv_out_d,0.2,,,,,,,,,,,,,,,,,,,
2024-08-17 23:33,42952.305,56.17613983154297,70839.85,46.94496154785156,77515.11,35.212738037109375,49,68800.516,42.5348014831543,46269.316,49.60750961303711,74299.87,34.75686264038086,40,74834.836,30.82253074645996,78046.23,-4.704367637634277,71089.9,38.336082458496094,27,fullconv,seq_len,use_pos,lr,d,,,tok_d,,e_layers,tok_conv_k,conv_out_d,,,batch,32,1024,,feat_conv_k,time_d,,,0.2,,,,,,,,,,,,,,,,,,,
2024-08-17 23:40,9561.263,89.84540557861328,75548.59,45.69709014892578,79740.26,24.49248504638672,40,75988.62,46.44293975830078,14883.414,85.5519027709961,79402.29,28.078073501586918,24,79690.64,30.097700119018555,11861.9,87.94049835205078,77161.12,48.40958786010742,32,fullconv,mlp,seq_len,lr,d,,last_d,,pos_d,e_layers,,,tok_d,,batch,8,1024,,feat_conv_k,time_d,tok_conv_k,conv_out_d,0.1,,,,,,,,,,,,,,,,,,,
2024-08-17 23:04,7683.603,91.86119079589844,75240.03,44.03751373291016,73908.64,34.19009017944336,44,72858.625,37.66688919067383,13267.266,84.98319244384766,76210.44,26.67691802978516,29,79800.234,31.08609771728516,31420.633,70.95584869384766,86529.3,34.01806640625,6,conv_mlpconv,mha,seq_len,lr,d,,time_d,tok_d,e_layers,,,conv_out_d,feat_conv_k,,batch,4,1024,,last_d,,tok_conv_k,,0.1,,,,,,,,,,,,,,,,,,,
2024-08-17 23:22,22979.719,76.64728546142578,73966.95,44.80724334716797,78803.34,37.93204498291016,18,89530.734,-4.173351764678955,82057.67,12.556306838989258,82162.27,0.0565102659165859,1,71138.88,23.02219581604004,66395.05,33.95393753051758,93112.76,21.768526077270508,6,fullconv,seq_len,use_pos,lr,,,last_d,,e_layers,pos_d,,conv_out_d,tok_d,,batch,8,1024,d,feat_conv_k,tok_conv_k,,,,,0.2,,,,,,,,,,,,,,,,,
2024-08-17 23:22,12676.594,84.97080993652344,72948.0,42.55481719970703,72375.61,30.83832359313965,36,78128.3,43.41461181640625,25083.115,70.28083038330078,76030.125,30.884037017822266,22,75243.79,38.763580322265625,18527.055,80.86432647705078,76348.836,45.57720184326172,31,conv_mlpconv,seq_len,use_pos,e_layers,d,,hid_d,tok_d,,pos_d,tok_conv_k,,feat_conv_k,,batch,4,1024,,last_d,,,conv_out_d,0.2,,,,,,,,,,,,,,,,,,,
2024-08-18 00:47,9723.992,89.77945709228516,73709.766,50.191650390625,82955.47,19.35899543762207,48,72673.805,47.94293975830078,14636.09,84.92204284667969,82666.28,13.808547019958496,31,81104.78,4.265834331512451,82136.83,16.11336326599121,88667.87,-0.3929412961006164,1,full,,,,,,,,,,,,,,batch,48,1024,,,,,,,,,True,True,False,False,16.0,0.005,96.0,48.0,128.0,96.0,32.0,8.0,6.0,13.0,64.0,11.0,0.1
2024-08-17 23:49,8250.063,91.58977508544922,72894.766,45.9619026184082,73482.76,25.38396644592285,49,73323.02,46.31629943847656,11318.033,89.31428527832031,72062.17,25.82787704467773,38,71897.47,35.325523376464844,20430.246,75.56001281738281,80119.23,48.06191635131836,23,conv_mlpconv,use_pos,seq_len,lr,d,,,,pos_d,,tok_conv_k,,,,batch,16,1024,,feat_conv_k,e_layers,,conv_out_d,,tok_d,0.2,,,,,,,,,,,,,,,,,
2024-08-17 22:56,7604.496,91.95801544189452,72741.266,37.125465393066406,76593.71,6.991739749908447,44,73840.734,38.30266189575195,10679.821,88.7958755493164,77301.414,9.327404975891112,31,76347.08,11.365974426269531,17516.156,81.70476531982422,78380.305,35.817352294921875,22,conv_mlpconv,mha,seq_len,e_layers,d,,hid_d,,,,,conv_out_d,tok_d,0.1,batch,32,1024,,feat_conv_k,tok_conv_k,,,,,,,,,,,,,,,,,,,,,,
2024-08-18 00:46,9549.777,90.15911102294922,77295.58,34.496788024902344,79696.39,18.786056518554688,30,72668.44,39.412200927734375,17553.795,81.24243927001953,81840.22,23.04144096374512,17,82343.73,-0.6156713366508484,82060.125,12.01103687286377,89680.42,-4.778536319732666,1,full,,,,,,,,,,,,,,batch,16,1024,,,,,,,,,True,False,False,True,16.0,0.001,96.0,96.0,512.0,8.0,4.0,32.0,6.0,13.0,64.0,9.0,0.2
2024-08-18 00:02,9585.743,90.03392791748047,73778.9,34.430999755859375,83092.08,20.291343688964844,46,72562.18,36.26226806640625,24270.533,76.23909759521484,82374.09,22.581417083740234,16,79009.42,22.93166160583496,66601.49,37.42657852172852,91571.586,21.73505973815918,5,fullconv,mlp,seq_len,lr,,,last_d,,e_layers,pos_d,,conv_out_d,tok_d,,batch,8,1024,d,feat_conv_k,tok_conv_k,,,0.1,,,,,,,,,,,,,,,,,,,
2024-08-17 23:49,17318.34,82.11264038085938,80874.016,29.31239318847656,83268.18,0.951720654964447,19,77557.125,34.36623764038086,25367.443,72.85606384277344,81260.48,18.093706130981445,14,76961.9,25.281539916992188,49481.96,56.708797454833984,91841.16,35.65950012207031,5,fullconv,seq_len,use_pos,pos_d,d,hid_d,last_d,,,e_layers,,conv_out_d,feat_conv_k,0.1,batch,8,1024,,time_d,,tok_conv_k,,,,,,,,,,,,,,,,,,,,,
2024-08-17 23:18,9442.467,89.634033203125,68407.89,43.459754943847656,79992.17,22.201391220092773,50,67410.94,41.44472122192383,12460.272,84.93347930908203,78557.4,17.95262336730957,39,76922.695,34.28114700317383,22443.844,74.31867980957031,72301.82,50.58073425292969,20,conv_mlpconv,seq_len,use_pos,lr,,,last_d,,,e_layers,tok_conv_k,conv_out_d,,0.1,batch,32,1024,d,time_d,pos_d,,,,feat_conv_k,,,,,,,,,,,,,,,,,,
2024-08-17 23:17,12168.88,87.28231048583984,74295.43,44.8278694152832,77834.19,19.60044479370117,37,71854.516,45.95982360839844,22656.21,77.3727035522461,81992.42,9.270429611206056,22,75043.555,33.74728012084961,13093.917,85.06043243408203,76213.81,49.93473815917969,35,fullconv,mlp,seq_len,lr,d,,,,,pos_d,,,tok_d,,batch,16,1024,,last_d,tok_conv_k,,conv_out_d,,feat_conv_k,0.2,,,,,,,,,,,,,,,,,
2024-08-17 22:56,5900.0737,93.4078140258789,77070.92,37.3283805847168,80897.445,16.79673194885254,50,77098.37,38.00034332275391,6786.039,92.60347747802734,79816.484,19.300540924072266,38,74037.37,31.43471336364746,73543.58,44.827178955078125,104240.44,17.886470794677734,4,fullconv,seq_len,mlp,e_layers,,last_d,,tok_d,pos_d,,,,feat_conv_k,,batch,4,1024,d,,tok_conv_k,,conv_out_d,0.1,,,,,,,,,,,,,,,,,,,
2024-08-17 23:58,9668.316,89.09984588623047,71368.1,42.50600814819336,72426.0,31.045717239379883,29,69194.43,40.01077651977539,23156.842,80.10775756835938,72887.58,27.354576110839844,17,71173.586,34.65462112426758,12627.313,89.67289733886719,70321.95,43.81778717041016,32,conv_mlpconv,seq_len,use_pos,lr,d,last_d,hid_d,tok_d,e_layers,,,conv_out_d,feat_conv_k,,batch,4,1024,,,tok_conv_k,,,,,0.1,,,,,,,,,,,,,,,,,
2024-08-17 23:00,6208.6753,93.50442504882812,71059.49,44.641822814941406,76921.95,17.46949005126953,44,69810.88,44.079063415527344,13582.995,82.49658203125,76797.94,12.44394874572754,30,78833.53,45.19232940673828,36536.637,69.10370635986328,78982.53,52.24503326416016,5,fullconv,mha,seq_len,e_layers,d,,,,,,,conv_out_d,,0.2,batch,4,1024,,feat_conv_k,tok_conv_k,,,,tok_d,,,,,,,,,,,,,,,,,,
2024-08-17 23:27,9177.375,90.30644989013672,72945.64,39.38874816894531,80781.59,10.552852630615234,43,74920.766,41.55291748046875,23781.023,82.91641998291016,83924.25,9.189556121826172,31,78446.7,12.857585906982422,15837.941,88.02702331542969,72715.5,40.01158142089844,36,conv_mlpconv,mha,seq_len,pos_d,d,,last_d,tok_d,e_layers,,tok_conv_k,,,,batch,4,1024,,feat_conv_k,,,conv_out_d,,,0.1,,,,,,,,,,,,,,,,,
2024-08-17 23:07,7790.48,91.73147583007812,76397.63,43.81340026855469,78828.664,13.302525520324709,43,75882.875,45.964805603027344,12884.458,87.34978485107422,80171.27,13.200690269470217,28,81243.97,5.60308313369751,49390.477,45.0461540222168,93259.61,27.09946632385254,7,fullconv,seq_len,use_pos,lr,,last_d,,,,,tok_conv_k,conv_out_d,tok_d,,batch,16,1024,d,feat_conv_k,e_layers,,,0.1,,,,,,,,,,,,,,,,,,,
2024-08-17 23:25,25279.611,74.9204330444336,88880.63,43.19195556640625,91590.86,34.919368743896484,19,90083.14,-6.343492031097412,82088.3,10.632638931274414,82828.33,-2.35089373588562,1,78825.63,13.152737617492676,96976.13,-12.720722198486328,101859.87,16.283239364624023,6,conv_mlpconv,mlp,seq_len,lr,,,time_d,,pos_d,e_layers,,,tok_d,0.1,batch,4,1024,d,feat_conv_k,,tok_conv_k,conv_out_d,,,,,,,,,,,,,,,,,,,,
2024-08-18 00:44,82096.914,10.31110954284668,90163.95,-6.648584842681885,82925.38,-2.689380884170532,3,91511.63,-11.37356185913086,82360.7,5.905816555023193,84523.69,-7.911196231842041,1,76976.734,11.358405113220217,285463.94,-130.38548278808594,208073.4,-26.59627914428711,13,conv_mlp,,,,,,,,,,,,,,batch,16,1024,,,,,,,,,True,True,False,False,16.0,0.005,64.0,64.0,256.0,32.0,16.0,16.0,12.0,13.0,256.0,5.0,0.1
2024-08-17 23:02,8339.92,91.40242767333984,69893.29,42.21390151977539,78772.555,33.5968017578125,35,67636.71,43.58796691894531,14510.309,84.84494018554688,78901.836,32.92471694946289,19,74708.51,32.58525085449219,13912.263,85.64716339111328,72671.95,38.00277328491211,21,fullconv,mha,seq_len,e_layers,,,,,,,,,,0.2,batch,32,1024,d,feat_conv_k,pos_d,tok_conv_k,conv_out_d,,tok_d,,,,,,,,,,,,,,,,,,
2024-08-17 22:58,81586.7,14.82924461364746,89147.305,-2.283372640609741,82835.65,0.1234812214970588,15,88860.77,-1.290083885192871,82102.39,15.153827667236328,81343.414,3.2649266719818115,1,81343.414,3.2649266719818115,82102.39,15.153827667236328,88860.77,-1.290083885192871,1,conv_mlpconv,mlp,seq_len,lr,d,,last_d,tok_d,pos_d,e_layers,tok_conv_k,,feat_conv_k,,batch,8,1024,,time_d,,,conv_out_d,0.1,,,,,,,,,,,,,,,,,,,
2024-08-17 23:58,19659.967,80.82495880126953,81123.71,36.91867065429688,88171.99,18.78973197937012,18,79259.07,37.27720642089844,30894.744,68.1030502319336,85335.984,2.6637604236602783,5,81839.98,1.2818433046340942,82060.72,13.62411117553711,89264.01,-3.0712194442749023,1,fullconv,seq_len,use_pos,e_layers,d,,last_d,,,,,conv_out_d,,,batch,16,1024,,feat_conv_k,pos_d,tok_conv_k,,0.2,tok_d,,,,,,,,,,,,,,,,,,
2024-08-17 23:34,11945.182,87.06672668457031,74628.27,42.39677810668945,79373.5,9.688244819641112,40,74944.55,44.686859130859375,12700.281,87.57759094238281,78405.086,16.832883834838867,38,76429.336,16.106510162353516,18657.602,79.09040069580078,85282.12,32.62188720703125,23,fullconv,seq_len,use_pos,pos_d,,hid_d,last_d,,,,,,feat_conv_k,,batch,8,1024,d,time_d,tok_conv_k,,conv_out_d,0.2,tok_d,,,,,,,,,,,,,,,,,,
2024-08-17 22:56,54664.61,39.86274337768555,100779.91,19.33114051818848,86852.43,8.40231704711914,14,88841.99,-1.20427405834198,82105.26,15.268959999084473,81320.25,3.3606271743774414,1,81320.25,3.3606271743774414,82105.26,15.268959999084473,88841.99,-1.20427405834198,1,conv_mlpconv,seq_len,use_pos,pos_d,d,last_d,,,time_d,e_layers,,conv_out_d,,0.1,batch,8,1024,,feat_conv_k,tok_conv_k,,,,tok_d,,,,,,,,,,,,,,,,,,
2024-08-17 23:22,7444.381,92.20677185058594,71358.64,35.83751678466797,72905.99,26.53404998779297,45,69423.516,33.12554931640625,14926.469,83.87948608398438,74948.85,21.2399959564209,30,70989.55,28.57577514648437,17126.092,82.77307891845703,70582.0,40.222015380859375,24,conv_mlpconv,seq_len,use_pos,lr,d,last_d,,,e_layers,pos_d,,,,0.2,batch,32,1024,,time_d,tok_conv_k,,conv_out_d,,feat_conv_k,,,,,,,,,,,,,,,,,,
2024-08-17 23:41,9865.459,89.97356414794922,76213.914,48.048099517822266,79705.03,30.54863739013672,46,75049.19,44.91962432861328,12165.548,86.8703384399414,77023.79,25.790367126464844,36,69842.586,25.96592712402344,59172.023,42.644832611083984,81189.76,26.845333099365234,5,conv_mlpconv,mlp,seq_len,e_layers,,,,,,pos_d,,,tok_d,,batch,8,1024,d,feat_conv_k,time_d,tok_conv_k,conv_out_d,,,0.1,,,,,,,,,,,,,,,,,
2024-08-17 23:25,25974.89,73.28152465820312,293072.44,-7.793649196624756,96283.266,10.688857078552246,19,89585.16,-4.3944268226623535,82058.305,12.41558074951172,82228.22,-0.1890100985765457,1,82228.22,-0.1890100985765457,82058.305,12.41558074951172,89585.16,-4.3944268226623535,1,conv_mlpconv,seq_len,use_pos,pos_d,,hid_d,last_d,,e_layers,,,conv_out_d,tok_d,,batch,16,1024,d,feat_conv_k,tok_conv_k,,,0.2,,,,,,,,,,,,,,,,,,,
2024-08-17 23:44,9830.427,89.8556900024414,79055.73,40.8671989440918,70129.57,32.305137634277344,30,80116.13,42.32339477539063,10954.333,88.79813385009766,66915.8,37.038360595703125,29,70129.57,32.305137634277344,9830.427,89.8556900024414,79055.73,40.8671989440918,30,fullconv,use_pos,seq_len,time_d,,last_d,,tok_d,,e_layers,,conv_out_d,,,batch,16,1024,d,feat_conv_k,,tok_conv_k,,0.1,,,,,,,,,,,,,,,,,,,
2024-08-17 22:54,15291.642,83.5358657836914,107085.01,26.3327751159668,79661.34,28.37240028381348,30,89233.54,-2.9338161945343018,82064.734,13.719209671020508,81800.734,1.4343698024749756,1,81800.734,1.4343698024749756,82064.734,13.719209671020508,89233.54,-2.9338161945343018,1,fullconv,mlp,seq_len,lr,d,,time_d,tok_d,,,,,,,batch,4,1024,,hid_d,tok_conv_k,,conv_out_d,0.2,feat_conv_k,,,,,,,,,,,,,,,,,,
2024-08-17 22:57,7691.127,92.0606689453125,79232.82,33.98077774047852,81914.69,17.26544189453125,35,77552.625,38.01519393920898,12780.206,86.51902770996094,81257.625,20.508419036865234,21,79382.23,18.086034774780277,11043.602,88.4382095336914,75522.42,38.94811248779297,26,fullconv,mha,seq_len,pos_d,,last_d,,,e_layers,,tok_conv_k,conv_out_d,feat_conv_k,,batch,4,1024,d,,,,,,,0.1,,,,,,,,,,,,,,,,,
2024-08-17 23:34,18406.445,79.4394302368164,72875.78,48.73894119262695,77597.836,20.6406192779541,23,69179.99,39.09725570678711,24770.47,75.35546875,82016.1,4.8030924797058105,15,77123.93,31.729026794433597,21749.654,77.1121826171875,82442.664,44.0207633972168,26,conv_mlpconv,mha,seq_len,lr,d,hid_d,time_d,tok_d,,pos_d,,conv_out_d,,,batch,8,1024,,,tok_conv_k,,,,feat_conv_k,0.2,,,,,,,,,,,,,,,,,
2024-08-18 00:45,12891.237,86.6981201171875,75117.99,47.688262939453125,85079.83,34.46833419799805,24,73309.87,43.04384994506836,29507.803,70.2745132446289,88544.08,31.39477157592773,10,77495.48,16.39913558959961,28357.953,70.2889175415039,78488.16,42.53146743774414,6,full,,,,,,,,,,,,,,batch,4,1024,,,,,,,,,True,False,True,False,16.0,0.001,48.0,96.0,256.0,8.0,4.0,4.0,6.0,13.0,128.0,5.0,0.2
2024-08-17 23:02,6623.1816,92.8425750732422,73292.87,44.57333755493164,74613.58,38.99222183227539,40,71680.13,41.63983154296875,14317.602,82.31452178955078,74199.625,35.0881462097168,26,74258.734,39.28516006469727,7317.5127,92.33294677734376,73408.13,44.5389518737793,38,conv_mlpconv,use_pos,seq_len,lr,,last_d,hid_d,,time_d,,tok_conv_k,conv_out_d,,0.2,batch,4,1024,d,,e_layers,,,,feat_conv_k,,,,,,,,,,,,,,,,,,
2024-08-17 23:25,37050.984,56.74251556396485,79202.12,44.30841827392578,86703.47,26.71001625061035,18,90274.15,-7.05963659286499,82110.15,9.904760360717772,83057.06,-3.1440770626068115,1,83057.06,-3.1440770626068115,82110.15,9.904760360717772,90274.15,-7.05963659286499,1,fullconv,mlp,seq_len,e_layers,d,hid_d,last_d,,pos_d,,,,tok_d,,batch,4,1024,,,tok_conv_k,,conv_out_d,,feat_conv_k,0.1,,,,,,,,,,,,,,,,,
2024-08-17 23:07,9451.047,89.79449462890625,78146.62,39.77183532714844,75076.164,33.3831787109375,32,73904.66,47.69869613647461,30900.768,69.73133087158203,68339.38,38.567420959472656,6,68339.38,38.567420959472656,30900.768,69.73133087158203,73904.66,47.69869613647461,6,fullconv,seq_len,mlp,e_layers,,hid_d,time_d,,,pos_d,,,,,batch,8,1024,d,last_d,tok_conv_k,,conv_out_d,,feat_conv_k,0.2,,,,,,,,,,,,,,,,,
2024-08-18 00:46,11319.032,87.33651733398438,73381.86,41.27310180664063,76787.2,24.510089874267575,28,69381.78,46.27133941650391,28700.533,72.829345703125,81400.37,25.72032356262207,15,73052.9,30.53238677978516,17035.432,84.12796783447266,75187.94,40.9942741394043,23,conv_mlp,,,,,,,,,,,,,,batch,4,1024,,,,,,,,,True,False,True,True,16.0,0.001,48.0,64.0,128.0,16.0,32.0,16.0,12.0,13.0,128.0,9.0,0.1
2024-08-17 23:11,12424.888,87.46947479248047,77481.52,40.63307571411133,79527.14,8.110962867736816,37,76000.94,44.994022369384766,17733.03,81.72691345214844,78775.695,9.369321823120115,24,78424.875,18.867511749267575,16016.521,83.8522720336914,76763.45,44.939334869384766,28,fullconv,seq_len,use_pos,lr,,last_d,hid_d,tok_d,e_layers,pos_d,,,feat_conv_k,0.2,batch,4,1024,d,,,tok_conv_k,conv_out_d,,,,,,,,,,,,,,,,,,,,
2024-08-17 23:22,21671.914,78.44576263427734,82341.5,42.81061553955078,75755.195,35.44147491455078,19,89719.34,-4.932323455810547,82062.23,11.926522254943848,82390.5,-0.7861216068267822,1,78404.92,42.458683013916016,30027.791,74.56549072265625,87482.27,45.2495231628418,17,conv_mlpconv,mlp,seq_len,pos_d,d,,,,e_layers,,,conv_out_d,,,batch,4,1024,,last_d,,tok_conv_k,,0.2,feat_conv_k,,,,,,,,,,,,,,,,,,
2024-08-17 23:36,11581.102,88.07744598388672,72942.86,42.91710662841797,78096.94,26.833953857421875,32,70853.14,37.67325973510742,20860.957,78.0454330444336,76733.48,19.64134979248047,17,76733.48,19.64134979248047,20860.957,78.0454330444336,70853.14,37.67325973510742,17,fullconv,use_pos,seq_len,lr,d,last_d,,tok_d,e_layers,,,,,,batch,16,1024,,feat_conv_k,,tok_conv_k,conv_out_d,0.2,,,,,,,,,,,,,,,,,,,
2024-08-17 23:46,21975.018,77.26752471923828,83793.805,44.145484924316406,82280.914,43.444034576416016,17,90543.94,-8.045428276062012,82149.58,9.052905082702637,83378.98,-4.235032558441162,1,79199.0,5.150610446929932,38597.703,60.57624053955078,80803.92,34.67007827758789,5,conv_mlpconv,use_pos,seq_len,lr,d,,time_d,,e_layers,,,conv_out_d,tok_d,,batch,4,1024,,feat_conv_k,tok_conv_k,,,,,0.1,,,,,,,,,,,,,,,,,
2024-08-18 00:47,8579.493,90.90103912353516,79240.73,43.36393737792969,79784.58,37.59496307373047,47,73660.59,46.69596099853516,21708.648,74.5830307006836,85303.66,34.92726516723633,20,76786.07,32.321407318115234,16050.891,82.52685546875,85646.81,26.745580673217773,24,full,,,,,,,,,,,,,,batch,32,1024,,,,,,,,,True,False,True,False,16.0,0.001,64.0,96.0,256.0,64.0,8.0,8.0,12.0,9.0,64.0,11.0,0.1
2024-08-17 23:07,68952.38,23.673328399658203,75242.18,34.04635238647461,75351.56,41.8763313293457,50,75242.18,34.04635238647461,68952.38,23.673328399658203,75351.56,41.8763313293457,50,74040.98,35.15213394165039,75416.54,19.32122230529785,78305.99,28.44203186035156,40,conv_mlpconv,mlp,seq_len,lr,d,last_d,,,pos_d,e_layers,tok_conv_k,,,,batch,8,1024,,feat_conv_k,,,conv_out_d,,tok_d,0.1,,,,,,,,,,,,,,,,,
2024-08-18 00:44,18560.412,81.45919799804688,82570.81,39.57969284057617,79333.31,43.81689834594727,20,83454.66,37.426719665527344,85594.83,23.69661903381348,83750.52,6.166286945343018,6,73606.43,40.93960952758789,36939.715,67.72115325927734,76401.47,48.70310974121094,5,conv_mlp,,,,,,,,,,,,,,batch,16,1024,,,,,,,,,True,False,True,False,16.0,0.005,48.0,96.0,256.0,64.0,4.0,4.0,6.0,13.0,256.0,9.0,0.1
2024-08-17 23:55,7509.68,92.08231353759766,70610.68,41.36659240722656,76920.92,31.487136840820312,48,69305.06,44.72949981689453,36136.957,68.81535339355469,75596.164,26.071048736572266,5,73527.57,35.30512237548828,14684.57,85.18733978271484,72078.15,42.20127487182617,25,fullconv,seq_len,mlp,e_layers,d,hid_d,,,time_d,pos_d,,conv_out_d,,,batch,16,1024,,feat_conv_k,,tok_conv_k,,,tok_d,0.1,,,,,,,,,,,,,,,,,
2024-08-17 23:11,7721.1216,91.70780181884766,71407.38,50.77280426025391,77864.805,27.968425750732425,43,69907.086,45.67901611328125,14237.083,82.89370727539062,76717.55,21.72576141357422,28,79495.84,14.371878623962402,32742.928,66.0176773071289,80258.81,37.06782913208008,5,fullconv,mha,seq_len,e_layers,d,,hid_d,tok_d,,,,,,,batch,32,1024,,last_d,tok_conv_k,,conv_out_d,,feat_conv_k,0.2,,,,,,,,,,,,,,,,,
2024-08-17 23:45,7729.976,91.59962463378906,76687.016,40.656715393066406,82571.9,10.48508358001709,35,74971.625,46.59028625488281,18584.973,81.31969451904297,79931.66,25.625871658325195,18,81650.914,49.50601196289063,40620.96,66.43079376220703,132387.2,32.159278869628906,6,conv_mlpconv,mha,seq_len,pos_d,,,last_d,,time_d,e_layers,,conv_out_d,,,batch,4,1024,d,hid_d,tok_conv_k,,,0.2,feat_conv_k,,,,,,,,,,,,,,,,,,
2024-08-17 23:12,11226.855,88.23603820800781,70640.07,50.18159103393555,78618.19,29.441675186157227,30,81264.14,44.00738525390625,22778.459,75.09337615966797,83435.586,34.34452819824219,17,78237.84,27.639440536499023,12991.52,86.49801635742188,71074.836,47.425537109375,31,fullconv,mha,seq_len,lr,,hid_d,last_d,tok_d,e_layers,,tok_conv_k,,feat_conv_k,,batch,32,1024,d,,,,conv_out_d,0.2,,,,,,,,,,,,,,,,,,,
2024-08-17 23:23,12262.563,87.52323913574219,71777.37,48.89460754394531,69968.2,41.38013458251953,32,73054.336,51.30511474609375,18232.45,82.45268249511719,73948.445,40.30274200439453,24,68245.3,43.39969253540039,16499.92,82.27339935302734,71822.88,46.71672439575195,27,conv_mlpconv,seq_len,use_pos,pos_d,,,last_d,tok_d,e_layers,,,,feat_conv_k,,batch,32,1024,d,,tok_conv_k,,conv_out_d,,,0.2,,,,,,,,,,,,,,,,,
2024-08-17 23:19,7807.3413,91.52571105957033,71797.945,47.47813415527344,75183.9,22.275959014892575,41,71797.945,47.47813415527344,7807.3413,91.52571105957033,75183.9,22.275959014892575,41,74592.44,24.084611892700195,11506.011,87.30194091796875,72676.79,43.61742401123047,28,fullconv,seq_len,use_pos,lr,,,hid_d,,pos_d,,tok_conv_k,conv_out_d,feat_conv_k,0.1,batch,8,1024,d,time_d,e_layers,,,,tok_d,,,,,,,,,,,,,,,,,,
2024-08-18 00:46,8642.506,91.08295440673828,81563.74,41.37684631347656,75376.4,34.626705169677734,39,77638.79,37.27602005004883,14077.973,85.14872741699219,74599.06,26.64386558532715,22,74599.06,26.64386558532715,14077.973,85.14872741699219,77638.79,37.27602005004883,22,conv_mlp,,,,,,,,,,,,,,batch,48,1024,,,,,,,,,True,False,True,True,16.0,0.001,96.0,48.0,128.0,16.0,4.0,4.0,6.0,9.0,64.0,11.0,0.1
2024-08-17 23:59,7953.5127,91.27307891845705,73476.23,38.27288436889648,78327.78,17.681432723999023,46,71710.695,39.48854446411133,13352.07,84.3931884765625,75802.17,19.190975189208984,31,72774.79,25.05223846435547,47290.7,56.27492904663086,84096.11,37.87664031982422,6,conv_mlpconv,seq_len,mlp,lr,,,last_d,,e_layers,,tok_conv_k,,,,batch,4,1024,d,feat_conv_k,,,conv_out_d,0.1,tok_d,,,,,,,,,,,,,,,,,,
2024-08-17 23:09,16758.56,82.88505554199219,114063.82,24.092987060546875,81955.73,12.616669654846191,17,87821.445,4.085651397705078,82460.984,20.069011688232425,80036.33,9.28376579284668,1,80036.33,9.28376579284668,82460.984,20.069011688232425,87821.445,4.085651397705078,1,fullconv,seq_len,use_pos,e_layers,,last_d,time_d,,,pos_d,,,tok_d,0.1,batch,32,1024,d,,,tok_conv_k,conv_out_d,,feat_conv_k,,,,,,,,,,,,,,,,,,
2024-08-17 23:06,7275.6084,92.38788604736328,72279.45,40.60978317260742,77534.52,23.90219497680664,42,70055.54,42.51827621459961,11249.077,88.40625762939453,76828.11,22.75274658203125,27,70132.88,34.77997589111328,43834.32,63.867523193359375,98758.81,38.51285934448242,5,conv_mlpconv,seq_len,use_pos,lr,,,last_d,,,pos_d,,,,0.2,batch,8,1024,d,feat_conv_k,e_layers,tok_conv_k,conv_out_d,,tok_d,,,,,,,,,,,,,,,,,,
2024-08-17 23:53,13048.974,87.02444458007812,82334.86,44.94903564453125,82052.25,33.967872619628906,37,81916.58,45.11579132080078,14634.387,86.7547607421875,80614.73,35.842960357666016,35,76138.055,15.655696868896484,78107.87,17.395231246948242,142082.8,-10.806025505065918,4,fullconv,mlp,seq_len,e_layers,d,,time_d,,pos_d,,,,tok_d,,batch,32,1024,,feat_conv_k,tok_conv_k,,conv_out_d,,,0.1,,,,,,,,,,,,,,,,,
2024-08-17 23:24,82111.67,15.473125457763672,88802.09,-1.0210139751434326,81271.055,3.564855098724365,3,88669.01,-0.3983398675918579,82136.6,16.08871841430664,81106.195,4.259811401367188,1,81106.195,4.259811401367188,82136.6,16.08871841430664,88669.01,-0.3983398675918579,1,fullconv,seq_len,use_pos,lr,d,last_d,,,pos_d,e_layers,tok_conv_k,,feat_conv_k,,batch,4,1024,,hid_d,,,conv_out_d,,,0.2,,,,,,,,,,,,,,,,,
2024-08-17 23:43,14574.046,83.0959243774414,72001.76,50.632545471191406,69414.59,33.60723114013672,24,76042.8,40.22818374633789,16799.664,84.81288146972656,74163.875,29.85104751586914,23,69414.59,33.60723114013672,14574.046,83.0959243774414,72001.76,50.632545471191406,24,fullconv,seq_len,mlp,e_layers,d,last_d,,tok_d,,,,,,,batch,32,1024,,,pos_d,tok_conv_k,conv_out_d,0.1,feat_conv_k,,,,,,,,,,,,,,,,,,
2024-08-17 23:57,9213.152,90.13274383544922,72611.086,35.24287414550781,79624.72,22.036771774291992,35,72054.586,33.953487396240234,15370.21,80.23624420166016,80816.56,16.67784881591797,27,80850.5,5.372751712799072,82186.5,16.960525512695312,88463.73,0.5978434681892395,1,conv_mlpconv,seq_len,mlp,lr,d,,hid_d,,pos_d,,,conv_out_d,feat_conv_k,,batch,8,1024,,last_d,tok_conv_k,,,,,0.2,,,,,,,,,,,,,,,,,
2024-08-17 23:21,82427.59,5.214260578155518,91752.19,-12.158439636230469,84806.15,-8.776776313781738,2,91749.42,-12.149506568908691,82426.79,5.234113693237305,84802.91,-8.766921997070312,1,84802.91,-8.766921997070312,82426.79,5.234113693237305,91749.42,-12.149506568908691,1,fullconv,seq_len,use_pos,e_layers,d,,last_d,,time_d,,tok_conv_k,,feat_conv_k,,batch,16,1024,,hid_d,,,conv_out_d,,,0.1,,,,,,,,,,,,,,,,,
2024-08-17 23:16,9714.269,89.89884185791016,71936.47,36.817684173583984,74245.98,18.242755889892575,32,68670.695,36.8518180847168,20300.246,76.48649597167969,74905.73,23.06772994995117,19,75074.17,21.733686447143555,10684.803,87.2455062866211,72154.664,35.471412658691406,33,fullconv,use_pos,seq_len,lr,,hid_d,,,,e_layers,tok_conv_k,,,,batch,4,1024,d,time_d,pos_d,,conv_out_d,,feat_conv_k,0.1,,,,,,,,,,,,,,,,,
2024-08-17 23:39,8955.101,91.2542724609375,74260.625,48.869930267333984,73874.445,28.28797721862793,33,74026.93,49.20504760742188,18711.53,81.8531265258789,76771.9,36.833038330078125,18,71246.12,30.862598419189453,34485.207,59.82426452636719,85707.47,47.05844497680664,7,conv_mlpconv,seq_len,use_pos,lr,,hid_d,last_d,tok_d,e_layers,,,conv_out_d,feat_conv_k,0.2,batch,32,1024,d,time_d,,tok_conv_k,,,,,,,,,,,,,,,,,,,,,
2024-08-17 23:13,7681.7554,91.99468231201172,76427.305,36.96770095825195,77501.22,25.64388084411621,36,72354.87,34.67985153198242,14512.015,84.2540283203125,79757.234,18.037294387817383,21,73129.87,37.05063629150391,40951.215,57.77540588378906,80697.03,44.69930267333984,6,conv_mlpconv,seq_len,use_pos,lr,,,,,,e_layers,,,feat_conv_k,,batch,4,1024,d,time_d,tok_conv_k,,conv_out_d,,tok_d,0.1,,,,,,,,,,,,,,,,,
2024-08-17 23:03,10150.293,89.82394409179688,74070.87,34.06443786621094,82553.03,8.060001373291016,45,73724.45,33.345245361328125,12303.217,87.42909240722656,82024.05,6.97484827041626,38,74229.73,24.75741004943848,72539.08,24.448091506958008,90014.93,10.044553756713867,5,fullconv,mlp,seq_len,e_layers,,,last_d,,pos_d,,,,tok_d,,batch,16,1024,d,,tok_conv_k,,conv_out_d,0.1,feat_conv_k,,,,,,,,,,,,,,,,,,
2024-08-17 23:31,9737.037,89.67469024658203,75554.93,41.657325744628906,77778.164,25.72289657592773,35,74404.58,42.09321212768555,16021.64,85.17181396484375,75239.836,27.90618705749512,22,74732.516,22.502660751342773,27679.738,73.21353912353516,75957.086,50.01266479492188,16,conv_mlpconv,mha,seq_len,e_layers,,,last_d,tok_d,,pos_d,,,feat_conv_k,,batch,32,1024,d,time_d,tok_conv_k,,conv_out_d,0.1,,,,,,,,,,,,,,,,,,,
2024-08-17 23:55,8211.345,91.2326889038086,70633.49,45.850616455078125,77741.12,33.26704788208008,41,70535.125,44.93400955200195,12852.23,87.09950256347656,76233.086,39.44192886352539,27,72859.15,34.46841812133789,14530.244,84.8632583618164,69330.766,43.11956787109375,26,conv_mlpconv,seq_len,use_pos,lr,d,,last_d,tok_d,time_d,e_layers,,conv_out_d,,,batch,8,1024,,feat_conv_k,tok_conv_k,,,,,0.2,,,,,,,,,,,,,,,,,
2024-08-17 23:40,6808.375,92.87516021728516,70629.805,41.02136993408203,74889.78,28.096755981445312,50,70484.31,43.1494140625,8156.077,91.95966339111328,74808.68,30.140907287597656,39,74358.15,27.589923858642575,8264.086,90.6610107421875,70384.055,40.629974365234375,40,conv_mlpconv,mha,seq_len,e_layers,d,,last_d,,,,,,feat_conv_k,,batch,32,1024,,hid_d,tok_conv_k,,conv_out_d,,tok_d,0.1,,,,,,,,,,,,,,,,,
2024-08-17 23:36,14223.112,85.24515533447266,77904.664,40.67825698852539,78006.55,18.021394729614254,39,70640.98,40.55740737915039,30315.53,60.58096694946289,82722.71,23.43843460083008,24,74745.1,24.638324737548828,17066.594,82.23966217041016,76940.305,42.35853576660156,29,conv_mlpconv,mlp,seq_len,lr,,hid_d,last_d,,e_layers,,,,,,batch,8,1024,d,feat_conv_k,tok_conv_k,,conv_out_d,,tok_d,0.1,,,,,,,,,,,,,,,,,
2024-08-17 23:19,7827.82,91.7296371459961,70971.055,48.42775344848633,77978.14,16.62427520751953,45,70317.88,49.860633850097656,10585.135,88.41925048828125,74925.38,25.558761596679688,32,76000.86,19.628841400146484,11185.874,89.7402114868164,70469.58,48.279666900634766,36,fullconv,use_pos,seq_len,pos_d,,last_d,,tok_d,,e_layers,tok_conv_k,,feat_conv_k,0.1,batch,8,1024,d,time_d,,,conv_out_d,,,,,,,,,,,,,,,,,,,,
2024-08-17 23:46,7791.931,91.80647277832033,75529.02,36.23297119140625,77238.32,2.4467480182647705,41,72156.586,32.51032257080078,14552.005,84.23382568359375,84784.21,-13.892833709716797,26,73646.92,13.403413772583008,50107.688,52.97011947631836,76150.58,30.269651412963867,5,conv_mlpconv,seq_len,use_pos,time_d,d,hid_d,,tok_d,pos_d,,,conv_out_d,,,batch,16,1024,,feat_conv_k,e_layers,tok_conv_k,,,,0.2,,,,,,,,,,,,,,,,,
2024-08-17 23:42,17424.543,82.40960693359375,70680.91,45.21288299560547,78425.61,37.77384185791016,40,69168.18,47.93022537231445,29193.498,67.55879211425781,78498.3,45.04134368896485,26,70134.266,33.62181091308594,48292.535,46.06981658935547,73022.36,39.14688491821289,18,fullconv,seq_len,use_pos,lr,,,time_d,tok_d,pos_d,e_layers,tok_conv_k,conv_out_d,feat_conv_k,,batch,8,1024,d,last_d,,,,,,0.2,,,,,,,,,,,,,,,,,
