exp_date,train_rmse,train_custom_acc,val_rmse_for_best_train,val_custom_acc_for_best_train,test_rmse_for_best_train,test_custom_acc_for_best_train,train_epoch_for_best_train,val_rmse,val_custom_acc,train_rmse_for_best_val,train_custom_acc_for_best_val,test_rmse_for_best_val,test_custom_acc_for_best_val,val_epoch_for_best_val,test_rmse,test_custom_acc,train_rmse_for_best_test,train_custom_acc_for_best_test,val_rmse_for_best_test,val_custom_acc_for_best_test,test_epoch_for_best_test,scale_y,skip_mode,conv,mlp,use_pos,seq_len,lr,d,hid_d,last_d,tok_d,time_d,pos_d,e_layers,tok_conv_k,conv_out_d,feat_conv_k,dropout,norm_type,num_heads,bs
2024-08-21 06:36,7969.4624,91.37308502197266,77780.38,29.83000946044922,76921.61,23.2076416015625,36,73227.83,34.668701171875,14306.465,85.41043090820312,75599.016,28.725284576416016,23,75599.016,28.725284576416016,14306.465,85.41043090820312,73227.83,34.668701171875,23,min_max,full,True,True,True,8,0.0147,80,40,224,4,28,12,3,9,128,9,0.18,batch,4,1024
2024-08-21 06:41,7111.831,92.64968872070312,73384.87,35.231910705566406,71820.34,23.89887046813965,36,72383.484,27.190542221069336,17007.652,83.00640869140625,74077.24,10.362874984741213,26,68942.81,35.41962432861328,42512.387,59.43969345092773,82151.28,18.41047477722168,7,min_max,conv_mlp,True,False,True,8,0.0127,16,36,352,8,32,4,8,9,64,11,0.16,layer,4,1024
2024-08-21 06:51,8276.572,91.15512084960938,70206.7,33.82498550415039,83021.19,13.21137523651123,40,69509.625,42.153751373291016,20230.28,80.5661849975586,80257.02,15.440738677978516,25,76152.05,14.702850341796877,51228.617,40.29053497314453,196244.69,-153.2193145751953,5,min_max,conv_mlp,True,True,True,8,0.019,80,44,288,8,32,16,7,9,128,9,0.14,layer,4,1024
2024-08-21 06:07,15780.939,84.36911010742188,78571.516,20.30155563354492,81619.05,0.7806479930877686,21,75495.71,24.01565361022949,18530.738,82.00736236572266,79878.53,4.9091339111328125,22,77774.38,22.86922836303711,17439.535,83.83543395996094,80321.07,27.63637351989746,19,min_max,conv_mlp,True,False,False,8,0.0076,112,32,224,8,20,24,3,11,64,11,0.16,batch,4,1024
2024-08-21 06:22,6475.0244,93.45469665527344,71664.02,42.408180236816406,73007.555,33.9487190246582,36,71169.086,37.661956787109375,11257.375,87.72305297851562,73534.86,26.34242820739746,22,72364.445,34.12129211425781,5897.6084,94.03382873535156,71798.86,41.963661193847656,37,min_max,full,True,False,True,8,0.016,16,36,224,4,20,20,7,9,192,11,0.2,batch,4,1024
2024-08-21 06:30,8948.212,89.90709686279297,69146.9,39.17490768432617,79446.36,12.255525588989258,34,67701.88,27.177417755126957,21548.354,78.4375,86130.984,-12.12637424468994,20,75427.48,41.09034729003906,37121.207,62.521766662597656,74519.695,41.520355224609375,5,min_max,full,True,False,False,8,0.0097,80,28,352,4,24,16,7,9,128,11,0.16,layer,4,1024
2024-08-21 06:12,9250.406,88.9855728149414,71471.984,36.45841598510742,75700.0,12.644613265991213,32,67896.64,42.54415512084961,18875.79,81.0133285522461,79589.016,12.463784217834473,18,76778.24,17.654037475585938,30897.664,68.49470520019531,78887.56,33.41454315185547,9,min_max,conv_mlp,True,True,True,8,0.0019,80,36,416,4,24,20,4,9,192,9,0.16,layer,4,1024
2024-08-21 06:41,10799.232,88.48552703857422,72149.8,40.8675537109375,80892.39,15.078580856323242,26,72149.8,40.8675537109375,10799.232,88.48552703857422,80892.39,15.078580856323242,26,78096.0,30.30506896972656,41651.05,54.50878143310547,77023.69,36.99570846557617,6,min_max,full,True,True,True,8,0.0089,48,32,160,4,24,12,6,11,128,11,0.18,batch,4,1024
2024-08-21 06:01,16822.607,83.05927276611328,78716.055,21.023971557617188,78511.42,-0.6806492805480957,18,76583.85,36.696754455566406,41820.918,65.83340454101562,74300.44,34.758914947509766,5,74300.44,34.758914947509766,41820.918,65.83340454101562,76583.85,36.696754455566406,5,min_max,full,True,False,True,8,0.003,176,24,160,8,20,20,5,11,192,11,0.1,batch,4,1024
2024-08-21 06:09,8830.893,91.08536529541016,75003.03,37.56028366088867,72038.62,32.1268424987793,32,71480.31,43.8001708984375,29926.645,75.52959442138672,79954.91,28.218639373779297,11,70352.21,22.51174545288086,20425.188,78.67157745361328,73199.17,26.576364517211918,20,min_max,full,True,True,False,8,0.0072,48,44,352,8,28,12,5,11,192,9,0.16,batch,4,1024
2024-08-21 05:52,41622.277,64.50843811035156,75209.945,40.84378433227539,76580.16,36.62989807128906,10,88307.89,12.466412544250488,80830.14,16.151582717895508,102868.88,-18.47716522216797,11,76353.125,-2.0329952239990234,76584.49,29.957550048828125,86956.01,-2.2653698921203613,24,min_max,full,True,False,True,8,0.0338,240,24,352,4,4,20,3,11,128,9,0.18,batch,4,1024
2024-08-21 06:20,13537.632,86.74269104003906,79238.46,33.14347839355469,81891.02,9.108668327331545,21,74402.59,21.647876739501957,27082.22,69.52820587158203,89797.41,-16.877483367919922,10,77810.74,36.361576080322266,47988.848,66.20021057128906,81773.945,36.96752166748047,6,min_max,conv_mlp,True,False,True,8,0.0018,112,32,288,4,20,20,5,9,192,11,0.16,batch,4,1024
2024-08-21 06:04,11669.019,87.96028900146484,74275.27,41.55411529541016,78349.22,23.163270950317383,26,67665.3,40.588958740234375,26552.377,76.27428436279297,78224.85,31.41135597229004,11,74853.5,24.445707321166992,42038.805,68.80205535888672,72470.27,44.14757537841797,8,min_max,conv_mlp,True,True,False,8,0.0062,80,28,480,8,20,28,3,11,192,9,0.14,layer,4,1024
2024-08-21 05:53,15861.324,81.679443359375,78117.8,28.8360538482666,87913.83,16.972232818603516,21,75255.07,32.5131721496582,32962.78,68.9173812866211,79206.62,26.96810913085937,6,75160.68,39.4989013671875,35830.29,59.30045318603516,77862.14,38.288330078125,7,min_max,conv_mlp,True,False,False,8,0.0073,80,28,288,8,24,12,3,9,192,11,0.12,batch,4,1024
2024-08-21 06:12,7941.9937,92.04186248779295,72727.18,36.988502502441406,78315.445,20.084470748901367,35,70872.48,38.74679946899414,15723.355,84.75940704345703,82779.59,9.58685302734375,20,77133.6,20.24537849426269,13514.377,86.52622985839844,74616.555,34.31993865966797,26,min_max,full,True,True,True,8,0.0094,112,28,224,8,24,20,6,11,128,11,0.12,layer,4,1024
2024-08-21 06:42,12627.685,87.43635559082031,79585.95,18.285512924194336,84706.18,-7.375764846801758,29,75981.0,25.097583770751957,11694.29,89.07923889160156,80914.29,4.93496036529541,31,77899.85,13.333803176879885,17519.422,82.79550170898438,78555.01,21.54039192199707,22,min_max,full,True,True,True,8,0.0144,48,36,160,4,20,16,7,11,128,11,0.16,layer,4,1024
2024-08-21 06:07,15775.375,82.85967254638672,75227.01,39.99123001098633,76724.53,28.931236267089844,20,74466.2,38.301944732666016,24342.117,71.62245178222656,85462.36,26.01886940002441,17,74557.5,37.55375671386719,46539.8,55.64857864379883,75036.1,40.62735366821289,5,min_max,conv_mlp,True,True,False,8,0.0078,144,24,32,4,24,24,5,11,64,9,0.12,batch,4,1024
2024-08-21 06:12,13579.721,86.9268569946289,82547.04,30.806196212768555,81543.68,22.931623458862305,21,80724.26,38.78205490112305,14114.268,87.48406219482422,80275.56,31.236469268798828,26,77385.14,35.407108306884766,28528.643,72.24037170410156,110747.914,-4.926002025604248,7,min_max,conv_mlp,True,True,True,8,0.0027,144,24,96,8,20,20,5,11,128,11,0.18,batch,4,1024
2024-08-21 06:12,9667.3545,90.30975341796876,72440.23,30.560134887695312,73394.55,22.527240753173828,32,69587.13,33.104400634765625,20879.22,78.402587890625,75603.08,16.361068725585938,18,71840.52,29.72181510925293,30759.041,69.34427642822266,73546.766,39.569313049316406,6,min_max,full,True,True,False,8,0.005,80,24,160,8,16,16,4,9,128,9,0.14,batch,4,1024
2024-08-21 05:56,40081.496,63.13486099243164,182894.84,-63.57442092895508,84339.14,16.3116512298584,6,84410.125,13.125383377075195,81016.7,34.651405334472656,77736.945,23.73603630065918,3,77736.945,23.73603630065918,81016.7,34.651405334472656,84410.125,13.125383377075195,3,min_max,full,True,False,False,8,0.0109,240,28,288,4,24,24,6,9,128,11,0.18,batch,4,1024
2024-08-21 06:10,53403.13,47.895790100097656,76333.92,49.42105484008789,90675.805,43.51394271850586,4,73029.81,36.36203002929688,62055.074,49.92419052124024,75706.42,36.209720611572266,3,75706.42,36.209720611572266,62055.074,49.92419052124024,73029.81,36.36203002929688,3,min_max,full,True,False,False,8,0.0308,80,36,480,8,24,20,5,9,192,11,0.14,layer,4,1024
2024-08-21 06:07,13776.268,86.26661682128906,69220.78,38.88436126708984,72026.805,22.532676696777344,20,70152.71,40.248661041259766,27060.951,69.65060424804688,72307.38,19.41217803955078,9,71500.79,10.46186065673828,20741.518,79.9375991821289,67069.88,35.87018966674805,21,min_max,conv_mlp,True,False,True,8,0.0011,144,32,352,8,12,4,4,11,192,11,0.16,batch,4,1024
2024-08-21 06:37,18209.072,77.16232299804688,86691.22,28.745519638061523,79259.29,24.76397132873535,20,78872.516,45.53125,39093.723,67.36053466796875,79662.266,46.817779541015625,5,76586.29,26.15703392028809,75655.375,36.31326675415039,82084.91,18.95526123046875,4,min_max,conv_mlp,True,True,True,8,0.0161,48,36,160,4,28,12,6,11,128,11,0.18,layer,4,1024
2024-08-21 06:33,6658.958,92.34664154052734,76459.23,27.73165702819824,75746.13,9.91958999633789,38,75915.5,29.924928665161133,17551.594,79.96907043457031,73950.83,11.10810089111328,17,73642.87,19.27495574951172,13430.365,88.08051300048828,72794.29,35.18186950683594,23,min_max,conv_mlp,True,False,False,8,0.0065,48,28,288,4,20,12,5,11,192,9,0.18,batch,4,1024
2024-08-21 06:10,12038.273,87.58106231689453,77390.02,32.77219009399414,75255.41,33.455955505371094,25,72273.02,39.94134521484375,37884.95,63.90414810180664,81539.02,30.53238296508789,10,72434.48,31.38900375366211,17046.174,83.55618286132812,81749.07,29.9133358001709,17,min_max,full,True,False,False,8,0.0051,112,24,224,4,20,8,4,11,128,11,0.12,layer,4,1024
2024-08-21 06:43,13845.457,84.6324234008789,81602.21,28.711509704589844,79157.41,10.478919982910156,25,75308.01,21.572982788085938,17086.652,82.50785827636719,79318.34,6.134587287902832,23,78145.516,16.08620834350586,16100.9795,85.14069366455078,77530.38,32.490135192871094,26,min_max,full,True,False,False,8,0.0099,48,36,288,8,28,8,6,9,64,11,0.18,batch,4,1024
2024-08-21 06:35,21357.158,77.19905853271484,78330.76,-1.6479134559631348,95472.414,-39.49078369140625,19,69925.805,38.90659713745117,52664.64,58.247257232666016,76749.664,31.678884506225582,4,76749.664,31.678884506225582,52664.64,58.247257232666016,69925.805,38.90659713745117,4,min_max,full,True,False,False,8,0.026,48,32,224,8,32,12,5,9,128,11,0.18,batch,4,1024
2024-08-21 06:00,15059.1045,85.39088439941406,79776.23,26.250844955444336,78919.46,19.868677139282227,20,70648.43,36.49093627929688,39789.074,56.93139266967773,65525.625,32.08916091918945,5,65525.625,32.08916091918945,39789.074,56.93139266967773,70648.43,36.49093627929688,5,min_max,conv_mlp,True,True,True,8,0.0139,16,32,288,8,20,16,5,9,192,9,0.18,layer,4,1024
2024-08-21 05:59,12779.135,86.8198013305664,72738.84,33.17650604248047,89102.26,8.978116989135742,26,71985.01,32.54762268066406,21500.938,76.6371841430664,92053.34,-6.321215629577637,16,78490.54,42.73949432373047,82793.15,48.63753509521485,90607.94,21.46341133117676,5,min_max,conv_mlp,True,True,False,8,0.0036,112,20,96,4,16,28,5,9,192,9,0.14,batch,4,1024
2024-08-21 06:24,7941.0024,92.16439056396484,78301.64,27.870065689086918,74602.74,24.73769187927246,36,76796.75,31.408327102661133,9966.938,90.0008544921875,77497.96,28.0613956451416,35,73740.3,17.479503631591797,41246.867,62.23682022094727,84059.1,15.341931343078612,8,min_max,conv_mlp,True,False,False,8,0.0042,48,40,160,4,20,16,7,9,192,9,0.14,batch,4,1024
2024-08-21 06:13,11712.614,88.53045654296875,82574.89,14.961862564086914,73998.41,30.12302589416504,27,79051.805,31.4000186920166,40289.52,58.65814208984375,84521.805,38.98291015625,15,73998.41,30.12302589416504,11712.614,88.53045654296875,82574.89,14.961862564086914,27,min_max,full,True,True,True,8,0.0249,208,32,96,8,20,8,3,11,192,9,0.14,layer,4,1024
2024-08-21 06:26,12140.382,85.90656280517578,78053.9,30.383474349975582,74672.125,30.759775161743164,19,74964.52,36.80364990234375,36595.36,67.33214569091797,77432.0,39.25455093383789,5,74672.125,30.759775161743164,12140.382,85.90656280517578,78053.9,30.383474349975582,19,min_max,full,True,False,False,8,0.0064,48,32,96,4,32,16,6,9,192,11,0.16,batch,4,1024
2024-08-21 06:19,13529.632,85.44923400878906,79764.414,32.7866325378418,73881.72,14.11171531677246,20,75703.945,39.36133575439453,51485.03,58.86664962768555,71216.95,37.46429061889648,5,71216.95,37.46429061889648,51485.03,58.86664962768555,75703.945,39.36133575439453,5,min_max,full,True,True,True,8,0.004,80,36,224,4,20,12,7,9,192,9,0.16,layer,4,1024
2024-08-21 06:25,7567.283,91.5578155517578,72324.28,38.74306488037109,75537.15,29.59093475341797,38,71410.87,36.4039306640625,9444.805,89.25593566894531,75587.56,25.88973045349121,33,74960.836,34.207489013671875,14188.533,87.42256164550781,72408.59,39.735477447509766,25,min_max,full,True,True,True,8,0.0094,112,40,224,4,24,12,5,9,128,11,0.14,batch,4,1024
2024-08-21 06:11,11678.082,87.59239196777344,73181.2,28.74612236022949,81366.73,25.46583366394043,27,71687.61,29.519611358642575,14495.935,84.03926849365234,86674.21,19.384151458740234,22,74761.49,27.221763610839844,28373.979,70.19587707519531,70895.836,41.01650619506836,7,min_max,conv_mlp,True,False,False,8,0.0016,144,32,352,4,20,20,7,9,128,9,0.18,batch,4,1024
2024-08-21 06:32,10864.108,88.78131866455078,78104.21,38.44513702392578,77746.12,34.076171875,24,80659.88,43.6678581237793,28782.092,73.53424072265625,86967.33,39.57101058959961,13,77746.12,34.076171875,10864.108,88.78131866455078,78104.21,38.44513702392578,24,min_max,full,True,False,True,8,0.013,16,36,224,4,20,16,7,9,192,11,0.16,layer,4,1024
2024-08-21 06:28,11609.757,89.51958465576172,80369.1,28.61904525756836,80757.76,32.1668701171875,26,79841.5,19.62627220153809,36129.426,68.14293670654297,79866.125,18.65630149841309,13,76208.914,40.34416198730469,68144.34,49.35609817504883,82113.73,34.30582427978516,4,min_max,full,True,False,True,8,0.0174,48,24,160,4,28,16,7,9,192,11,0.18,layer,4,1024
2024-08-21 06:06,9517.3,90.1680908203125,69116.69,34.99945831298828,80592.93,17.064613342285156,31,66521.86,29.36996841430664,38182.426,61.78488159179688,75935.16,11.874836921691896,8,73519.836,30.8006649017334,39077.707,62.20520782470703,69317.79,28.83902740478516,7,min_max,conv_mlp,True,True,False,8,0.0144,48,44,96,8,16,16,5,9,192,9,0.16,layer,4,1024
2024-08-21 06:45,12134.795,87.28939056396484,73012.336,30.41800880432129,79017.31,22.31482315063477,20,69707.85,31.52860450744629,33500.613,66.1943588256836,78270.17,15.360093116760254,6,73180.09,35.20995330810547,53989.113,60.44328308105469,75665.836,33.65715789794922,5,min_max,full,True,False,True,8,0.0066,16,32,224,8,20,12,5,11,64,11,0.14,batch,4,1024
2024-08-21 06:06,9491.483,89.63140869140625,76052.14,42.97534942626953,79273.2,31.426239013671875,30,71103.45,37.59877014160156,20940.152,78.34974670410156,75301.31,28.51599502563477,14,71760.71,33.13151168823242,43953.707,67.01736450195312,73389.75,39.19524002075195,6,min_max,conv_mlp,True,False,True,8,0.0021,176,28,224,8,16,24,4,11,192,9,0.2,layer,4,1024
2024-08-21 06:09,12549.246,85.52830505371094,74781.32,34.833133697509766,77080.734,25.042116165161133,23,66939.234,35.387962341308594,41638.105,53.07077026367188,75985.57,28.788286209106445,8,73372.39,37.764686584472656,62163.996,54.97578430175781,76154.31,38.95489501953125,5,min_max,conv_mlp,True,False,False,8,0.0105,112,20,352,8,16,24,4,11,128,9,0.12,layer,4,1024
2024-08-21 06:31,7747.4424,92.11223602294922,70019.62,37.94854736328125,77554.42,22.33446311950684,37,68090.58,27.95661735534668,18199.648,80.25072479248047,77862.69,16.146404266357422,22,76661.57,25.32451820373535,7873.592,92.06945037841795,71006.83,37.70440673828125,35,min_max,conv_mlp,True,True,False,8,0.0165,48,36,288,4,32,12,6,9,192,9,0.12,batch,4,1024
2024-08-21 06:12,11779.86,86.35482025146484,71044.48,38.2666244506836,76565.95,22.665512084960938,29,69235.695,44.62285614013672,30708.97,69.71497344970703,76384.25,23.33484268188477,14,72536.06,29.25615882873535,19078.719,85.56473541259766,74786.54,39.523868560791016,25,min_max,conv_mlp,True,True,True,8,0.0079,80,36,224,8,16,12,7,9,192,11,0.14,batch,4,1024
2024-08-21 06:23,9403.975,89.05015563964844,71917.43,37.85246658325195,82544.84,29.51642799377441,31,70420.945,40.105377197265625,13809.335,85.53787231445312,79435.12,28.202354431152344,19,74674.51,32.88427734375,45468.78,61.718780517578125,90861.49,2.787238359451294,6,min_max,full,True,True,True,8,0.0069,48,44,224,4,32,8,5,9,192,11,0.14,layer,4,1024
2024-08-21 06:10,10676.378,88.09807586669922,81782.63,36.64265441894531,81657.64,7.837563514709473,26,77976.56,39.0784797668457,11979.18,87.80085754394531,84299.0,5.390328407287598,24,75355.15,36.11835861206055,20485.5,80.18228912353516,80635.3,42.1773567199707,15,min_max,full,True,False,True,8,0.0031,208,20,288,4,20,20,3,9,128,11,0.14,layer,4,1024
2024-08-21 06:41,18973.402,79.45552825927734,76282.836,17.84200668334961,82186.13,8.227086067199707,16,69925.27,35.325477600097656,55527.523,51.89502334594727,74664.82,39.25729370117188,4,74664.82,39.25729370117188,55527.523,51.89502334594727,69925.27,35.325477600097656,4,min_max,full,True,False,False,8,0.0161,16,40,160,4,24,12,5,9,192,11,0.16,layer,4,1024
2024-08-21 06:44,16043.518,82.71112823486328,77177.234,31.283855438232425,74256.836,36.17794036865234,20,72096.945,46.84508514404297,34773.93,68.410400390625,74277.63,35.56893539428711,5,74277.63,35.56893539428711,34773.93,68.410400390625,72096.945,46.84508514404297,5,min_max,conv_mlp,True,False,False,8,0.0223,80,44,416,8,28,12,5,11,128,11,0.16,batch,4,1024
2024-08-21 06:26,11609.392,88.03843688964844,75798.6,38.71176910400391,80637.58,30.88886070251465,27,71796.91,31.353973388671875,25058.32,71.99673461914062,77269.055,16.100799560546875,14,74879.01,29.16139411926269,24469.254,68.66395568847656,75741.72,23.117637634277344,22,min_max,conv_mlp,True,True,True,8,0.0221,80,36,160,4,32,20,7,9,192,11,0.16,batch,4,1024
2024-08-21 06:37,6759.765,92.71360778808594,67575.72,44.31806945800781,75134.19,21.94021987915039,49,67609.23,46.17133712768555,9688.652,89.37358856201172,73298.71,27.48666381835937,35,72363.07,36.7675666809082,28437.258,73.59666442871094,77403.45,42.82638931274414,14,min_max,full,True,False,True,8,0.0131,48,36,288,8,32,8,8,9,64,9,0.18,batch,4,1024
2024-08-21 06:06,12587.257,87.7493896484375,78398.5,34.30012893676758,78697.84,30.705469131469727,27,79464.11,37.5844955444336,14875.566,86.0977783203125,80374.53,33.989261627197266,22,77077.57,34.26775360107422,20158.436,78.60037231445312,82995.84,34.86932373046875,20,min_max,full,True,True,False,8,0.0114,176,36,352,4,16,12,6,11,192,11,0.16,batch,4,1024
2024-08-21 06:38,12540.43,87.2599868774414,78438.05,37.296836853027344,78620.44,33.16537857055664,22,76870.734,28.808330535888672,26560.693,69.80155944824219,77323.75,16.85830307006836,14,76341.27,41.69624328613281,83878.29,47.4576530456543,85877.266,34.92879867553711,4,min_max,full,True,True,False,8,0.0113,16,32,224,4,32,8,6,11,128,9,0.16,batch,4,1024
2024-08-21 06:09,11536.053,88.08129119873047,74634.125,34.76103591918945,81574.59,9.591424942016602,24,78269.375,30.58643913269043,18560.41,80.94293212890625,83285.08,8.380764961242676,18,76068.67,34.243953704833984,76303.06,45.02376174926758,82445.5,24.240238189697266,4,min_max,full,True,True,False,8,0.0049,176,20,96,4,24,20,6,11,128,9,0.14,layer,4,1024
2024-08-21 06:40,6771.526,92.12152099609376,75793.94,33.88790512084961,77169.984,35.61235046386719,40,74290.89,36.54143905639648,8225.157,90.93311309814452,78343.664,35.954647064208984,33,72812.85,34.200687408447266,61624.75,48.77018356323242,78954.99,30.3276424407959,5,min_max,conv_mlp,True,True,False,8,0.0102,48,36,288,8,16,20,7,9,192,11,0.16,layer,4,1024
2024-08-21 06:32,15301.685,83.9040756225586,83881.49,30.801427841186523,78209.484,26.800262451171875,18,70547.9,23.87344741821289,34798.816,64.61949157714844,77449.87,22.958833694458008,6,76353.23,35.398929595947266,55403.367,48.78242492675781,76794.9,26.593530654907227,5,min_max,full,True,True,True,8,0.005,16,28,96,4,24,8,5,9,64,11,0.16,batch,4,1024
2024-08-21 06:28,12841.259,87.54811096191406,73309.055,24.690204620361328,77497.3,12.980640411376951,29,73138.37,23.533958435058597,10873.435,88.64928436279297,77180.23,13.224583625793455,31,71587.53,32.642852783203125,25386.664,76.75089263916016,75544.49,31.85426521301269,13,min_max,full,True,False,False,8,0.0113,80,28,224,4,24,16,5,9,64,9,0.14,batch,4,1024
2024-08-21 06:12,14193.844,85.78633880615234,89645.52,25.4201717376709,82903.484,29.977983474731445,25,78064.93,36.13106155395508,29767.283,67.01533508300781,75075.32,35.437713623046875,15,73337.766,30.46559715270996,40766.855,56.57268905639648,84916.92,39.84135818481445,6,min_max,full,True,True,False,8,0.0042,112,24,288,8,16,16,4,11,128,9,0.14,layer,4,1024
2024-08-21 05:58,15041.795,85.07168579101562,72857.95,43.83282470703125,77781.06,24.926359176635746,23,69178.4,46.50064086914063,17011.783,82.18470001220703,77161.086,30.27707862854004,18,73058.37,22.302114486694336,27849.19,72.23180389404297,76074.4,35.44462966918945,13,min_max,full,True,True,True,8,0.0037,80,20,160,4,24,20,2,11,192,11,0.2,layer,4,1024
2024-08-21 05:55,10585.9,89.87979888916016,74646.16,42.28925704956055,81066.36,35.357147216796875,31,72468.86,41.63191223144531,11083.23,88.8508529663086,80053.56,32.610374450683594,28,74497.72,28.941368103027344,27226.549,68.75360870361328,72489.836,35.6727180480957,13,min_max,full,True,True,False,8,0.0119,48,16,224,8,12,4,5,9,256,11,0.2,batch,4,1024
2024-08-21 06:37,13808.71,85.54617309570312,73152.89,31.23847770690918,84102.305,20.22599029541016,25,70355.695,31.213253021240234,20650.762,82.27214813232422,82591.11,19.743173599243164,21,75589.35,43.79301071166992,56514.777,57.43190002441406,78581.76,34.60594940185547,4,min_max,full,True,False,True,8,0.0168,80,24,224,8,28,4,5,9,64,11,0.16,layer,4,1024
2024-08-21 06:46,15904.394,84.36463165283203,81485.88,27.17816925048828,74623.5,25.232887268066406,23,74744.66,34.62416458129883,25139.266,71.6481704711914,80065.125,20.644044876098636,10,77283.61,37.1711311340332,36634.723,67.34158325195312,79235.586,44.77114868164063,5,min_max,full,True,True,False,8,0.0101,80,32,352,8,28,12,5,9,64,11,0.16,layer,4,1024
2024-08-21 06:27,11140.531,88.30208587646484,77759.445,29.128969192504883,79747.766,12.55217742919922,26,77759.445,29.128969192504883,11140.531,88.30208587646484,79747.766,12.55217742919922,26,73841.49,39.595924377441406,58903.812,58.25494003295898,128603.81,-54.88549423217773,5,min_max,conv_mlp,True,False,True,8,0.0103,80,40,224,4,24,16,7,9,128,9,0.16,layer,4,1024
2024-08-21 06:46,10017.49,90.12803649902344,72279.195,33.08283615112305,78105.54,11.61668300628662,29,69696.695,36.55024337768555,19300.115,78.60443878173828,78258.37,16.944599151611328,15,74763.49,26.950883865356445,12895.676,88.22176361083984,72872.33,40.563453674316406,26,min_max,conv_mlp,True,False,True,8,0.013,16,40,288,8,28,16,7,9,128,9,0.18,batch,4,1024
2024-08-21 06:36,16230.303,84.39847564697266,84418.97,39.72458267211914,93115.33,25.15937042236328,20,75004.2,35.956565856933594,46229.453,57.29807662963867,75905.195,36.900840759277344,5,75905.195,36.900840759277344,46229.453,57.29807662963867,75004.2,35.956565856933594,5,min_max,full,True,False,False,8,0.0082,48,32,288,4,32,4,7,9,64,11,0.16,batch,4,1024
2024-08-21 06:33,10603.163,87.86043548583984,80313.79,29.48153686523437,75429.47,30.195236206054688,28,79833.805,31.33362579345703,14362.507,85.02050018310547,77168.83,27.43668556213379,20,74209.28,26.624095916748047,15943.411,79.90151977539062,81814.41,22.146499633789062,23,min_max,full,True,True,True,8,0.0049,80,40,160,4,28,8,7,9,192,9,0.16,layer,4,1024
2024-08-21 06:45,20856.588,78.3294448852539,78914.836,22.28480529785156,78716.65,14.600128173828123,16,74705.766,42.88247680664063,37010.383,64.98200225830078,80349.14,32.180870056152344,6,77865.69,30.037975311279297,43867.086,60.19772338867188,80588.914,30.24351501464844,5,min_max,full,True,False,True,8,0.0123,16,36,288,8,20,12,5,9,64,11,0.16,layer,4,1024
2024-08-21 06:10,9788.869,89.78527069091797,77987.664,35.55873489379883,75013.055,32.57762908935547,31,77037.61,32.6815071105957,14675.642,83.3060302734375,75411.05,32.31363296508789,23,74940.81,28.70438766479492,29132.523,66.4830322265625,89714.66,31.386720657348636,7,min_max,full,True,False,False,8,0.0025,144,36,352,8,16,20,5,9,192,9,0.12,layer,4,1024
2024-08-21 06:13,12718.057,86.45454406738281,71510.875,41.96479797363281,77300.81,26.73560905456543,28,73789.234,37.30332946777344,26709.924,69.21684265136719,75086.25,28.562747955322266,14,75341.234,27.915508270263672,14521.09,84.74893951416016,70746.63,43.12407302856445,24,min_max,full,True,True,False,8,0.0131,80,20,160,8,16,16,6,9,64,11,0.16,layer,4,1024
2024-08-21 06:20,14816.738,83.80752563476562,79086.64,27.465850830078125,80443.14,7.834321022033691,19,78076.77,34.69273376464844,33202.016,64.26627349853516,76321.164,24.195730209350582,6,75544.61,31.196319580078125,67074.47,50.38515472412109,79266.27,29.684972763061523,5,min_max,conv_mlp,True,True,False,8,0.0069,48,44,352,4,28,16,7,11,128,11,0.14,batch,4,1024
2024-08-21 06:33,21074.365,80.04287719726562,78408.92,33.60536575317383,79709.79,40.005855560302734,19,73540.9,38.8181266784668,53592.32,54.84053039550781,75433.19,39.82449722290039,5,75433.19,39.82449722290039,53592.32,54.84053039550781,73540.9,38.8181266784668,5,min_max,full,True,True,True,8,0.0134,16,32,288,4,20,12,7,9,128,11,0.14,layer,4,1024
2024-08-21 06:42,13565.099,85.39669799804688,80232.92,42.335182189941406,79854.23,41.89506912231445,25,79583.48,43.83255386352539,15409.509,82.75730895996094,81897.266,42.03693771362305,24,78210.414,40.10240936279297,36174.656,65.45329284667969,90906.48,40.40498733520508,6,min_max,conv_mlp,True,True,True,8,0.0117,48,32,160,8,24,12,8,9,64,11,0.14,layer,4,1024
2024-08-21 06:39,9531.088,90.04141998291016,73511.375,36.19364929199219,82330.8,20.54674530029297,26,71061.78,37.8232307434082,19352.303,80.35235595703125,82140.24,28.904205322265625,16,79448.68,35.02353286743164,89865.21,39.224876403808594,87811.63,25.26482963562012,2,min_max,conv_mlp,True,True,True,8,0.009,48,28,288,4,24,16,6,11,128,11,0.18,batch,4,1024
2024-08-21 06:18,13547.722,87.17242431640625,79768.625,39.92530822753906,78749.27,34.85466384887695,20,72813.836,46.60877990722656,40484.074,58.08989334106445,78766.734,38.28684616088867,5,75020.56,26.611888885498047,65686.695,43.40233612060547,80227.94,23.78781509399414,4,min_max,full,True,True,False,8,0.0098,48,32,352,4,28,12,5,9,128,9,0.18,layer,4,1024
2024-08-21 06:35,10505.671,89.54212951660156,80063.37,33.772499084472656,82887.75,28.654056549072266,26,74574.5,22.87227439880371,40019.254,63.147830963134766,85073.914,16.124832153320312,9,77688.15,18.162960052490234,53089.445,62.890506744384766,84515.09,24.339073181152344,5,min_max,full,True,False,True,8,0.0069,16,32,288,4,24,4,7,9,128,11,0.16,layer,4,1024
2024-08-21 06:09,12979.242,85.98844909667969,94381.4,13.597768783569336,78342.66,21.39505195617676,23,73901.73,19.72365951538086,30924.229,67.94869232177734,85471.43,0.2435266971588134,12,74884.805,35.70853042602539,47412.523,65.73785400390625,91610.13,33.92470932006836,5,min_max,full,True,False,True,8,0.0044,144,32,160,4,16,12,5,9,128,9,0.14,batch,4,1024
2024-08-21 05:59,14474.758,84.67120361328125,77280.06,30.58313751220703,79360.63,31.272876739501957,21,70812.37,26.869064331054688,63409.105,42.492557525634766,85915.0,-5.709993839263916,7,74910.46,21.250843048095703,20574.053,78.27197265625,75807.8,26.361644744873047,17,min_max,conv_mlp,True,True,False,8,0.0157,144,40,96,8,20,4,4,11,64,11,0.18,batch,4,1024
2024-08-21 05:59,11376.363,88.49180603027344,74162.51,43.096466064453125,77580.055,35.97938537597656,21,71797.77,39.49718475341797,21165.113,78.1953353881836,80798.42,31.71953582763672,10,75075.85,29.457592010498047,17193.648,82.18157196044922,71901.04,37.80654144287109,17,min_max,conv_mlp,True,True,True,8,0.0009,112,28,96,8,28,28,2,11,192,9,0.2,batch,4,1024
2024-08-21 06:44,13098.771,86.52696990966797,82262.19,24.72286796569824,76100.16,32.283348083496094,29,75908.195,37.45245361328125,18019.955,81.27625274658203,82577.65,26.86944007873535,18,73158.25,30.764848709106445,11114.767,88.17559051513672,77215.9,28.649049758911133,32,min_max,full,True,False,True,8,0.0169,112,40,288,8,24,8,5,9,64,9,0.1,layer,4,1024
2024-08-21 06:41,14408.157,86.4862289428711,72280.83,33.54082107543945,74096.11,12.528234481811523,24,72275.375,25.849634170532227,14618.364,84.27642059326172,77288.23,4.350090026855469,23,69131.945,26.47257423400879,24958.523,76.08456420898438,76774.53,32.88160705566406,16,min_max,conv_mlp,True,False,True,8,0.0157,48,40,224,8,32,16,6,11,64,11,0.14,batch,4,1024
2024-08-21 06:30,10144.605,88.53734588623047,70334.06,38.06983947753906,78565.42,19.01780891418457,31,69350.96,35.267948150634766,19331.002,81.77664947509766,79360.6,21.8930778503418,22,73503.164,34.680686950683594,61479.844,55.49006652832031,85649.15,24.04218292236328,5,min_max,full,True,False,True,8,0.0075,48,36,224,8,28,12,6,9,64,9,0.18,batch,4,1024
2024-08-21 06:32,10749.685,89.47429656982422,74897.67,36.71450805664063,81243.55,37.65715408325195,26,74897.67,36.71450805664063,10749.685,89.47429656982422,81243.55,37.65715408325195,26,78875.54,39.01422500610352,14073.75,86.18440246582031,76714.47,35.75934600830078,23,min_max,conv_mlp,True,False,True,8,0.0069,48,40,224,4,24,8,6,9,128,9,0.14,batch,4,1024
2024-08-21 06:21,6353.2188,92.9646453857422,70393.26,33.05995559692383,80629.06,26.642841339111328,39,68970.25,30.915546417236328,10879.771,88.01509857177734,79609.305,27.117359161376957,33,76736.15,26.93741226196289,55365.95,59.033538818359375,74574.6,31.67526626586914,6,min_max,conv_mlp,True,False,True,8,0.0042,48,32,96,4,24,12,6,11,128,9,0.1,batch,4,1024
2024-08-21 06:26,7288.1875,91.7795867919922,75871.26,32.6792106628418,79534.27,28.8595027923584,33,72264.11,36.04084396362305,10289.909,88.8264389038086,82899.15,21.290571212768555,24,79285.984,41.52181625366211,71302.48,50.88077163696289,80358.95,34.64128494262695,5,min_max,conv_mlp,True,True,False,8,0.0062,80,40,288,4,32,12,7,9,256,11,0.16,layer,4,1024
2024-08-21 06:25,9303.902,90.25261688232422,82902.14,35.72643280029297,77002.72,36.42075729370117,33,74971.02,39.59667205810547,17007.77,82.03926086425781,76487.336,37.43061828613281,19,73593.32,23.59276962280273,12806.65,85.34624481201172,78397.445,29.623519897460938,24,min_max,conv_mlp,True,False,True,8,0.0064,16,32,96,4,20,12,6,9,256,11,0.14,layer,4,1024
2024-08-21 06:36,18909.104,82.6900405883789,82702.62,28.0947322845459,82995.81,21.42599868774414,19,76274.695,34.63787841796875,62818.31,51.9881591796875,72860.16,37.62675476074219,4,72860.16,37.62675476074219,62818.31,51.9881591796875,76274.695,34.63787841796875,4,min_max,full,True,False,True,8,0.011,112,28,288,8,28,12,6,9,64,9,0.18,batch,4,1024
2024-08-21 06:23,11477.258,87.44928741455078,76443.81,30.65500259399414,78521.45,8.846961975097656,22,75135.49,44.69856643676758,24967.146,76.26024627685547,80980.164,23.938106536865234,7,75430.6,22.11977195739746,16359.515,83.45719909667969,76876.69,38.68190002441406,18,min_max,full,True,True,False,8,0.0065,48,48,160,4,28,20,5,9,256,11,0.16,layer,4,1024
2024-08-21 05:55,10051.79,88.46041870117188,78077.125,21.330516815185547,77498.63,7.361423969268799,31,81406.33,17.41510581970215,15102.934,82.78327178955078,79468.516,3.435873985290528,23,76067.54,2.8301477432250977,25724.807,70.76605224609375,99664.22,10.361027717590332,16,min_max,full,True,True,False,8,0.0091,144,36,96,8,32,8,6,11,64,9,0.12,batch,4,1024
2024-08-21 06:31,11827.759,87.34258270263672,84898.43,23.877775192260746,80919.836,29.0705623626709,26,81374.73,25.40380859375,12370.971,86.55915832519531,79109.15,34.379547119140625,24,75537.516,24.93404197692871,13440.8,83.73714447021484,82213.27,17.670989990234375,23,min_max,full,True,False,False,8,0.0058,48,32,224,4,24,12,5,9,64,11,0.16,batch,4,1024
2024-08-21 06:34,13886.069,85.94358825683594,76243.266,32.622676849365234,80027.32,20.43442726135254,21,71961.26,34.03015899658203,33886.152,62.936561584472656,78552.914,18.971586227416992,6,76828.71,29.53697967529297,80655.875,40.82072448730469,82904.81,24.45618438720703,4,min_max,conv_mlp,True,True,True,8,0.0094,48,32,288,8,28,8,4,9,128,11,0.14,batch,4,1024
2024-08-21 06:35,12695.379,86.24149322509766,81104.266,28.58296012878418,80980.875,13.596278190612791,23,79477.74,28.341365814208984,17634.266,83.43550872802734,78095.17,18.445301055908203,19,77484.57,17.58989143371582,13633.501,87.71996307373047,81005.74,28.915388107299805,24,min_max,full,True,True,False,8,0.0106,112,36,224,4,28,16,6,11,192,9,0.18,layer,4,1024
2024-08-21 06:27,13105.028,87.68047332763672,77936.96,31.256072998046875,78551.17,17.194360733032227,24,70923.25,31.167221069335938,36621.414,59.198272705078125,75505.92,32.23356628417969,9,75505.92,32.23356628417969,36621.414,59.198272705078125,70923.25,31.167221069335938,9,min_max,full,True,False,True,8,0.0319,16,28,224,4,24,8,6,11,128,11,0.2,batch,4,1024
2024-08-21 06:10,15419.496,84.26457214355469,79342.08,34.96477127075195,85843.875,26.98703384399414,25,68073.52,21.190149307250977,32991.17,67.1921157836914,96615.97,-30.86431121826172,14,78364.95,25.41645812988281,34289.918,65.1119384765625,77508.336,41.07329940795898,6,min_max,conv_mlp,True,True,False,8,0.0043,112,32,96,8,4,32,6,9,192,9,0.16,layer,4,1024
2024-08-21 06:23,10377.972,88.92263793945312,76160.984,29.31606674194336,84652.78,24.33128929138184,26,75851.37,36.38194274902344,11447.215,88.57405853271484,84985.87,29.60737419128418,24,77198.57,31.60818290710449,55430.035,53.04915237426758,83154.586,25.565021514892575,3,min_max,full,True,False,False,8,0.0262,144,32,160,4,32,12,6,9,256,9,0.16,layer,4,1024
2024-08-21 06:35,13280.027,85.03239440917969,74928.6,40.30517959594727,77407.06,21.65383720397949,28,73084.945,31.837499618530277,21947.629,76.88221740722656,77815.94,14.356523513793944,16,75768.29,16.05776023864746,15781.291,85.89950561523438,75741.45,34.084129333496094,30,min_max,conv_mlp,True,False,False,8,0.0158,48,32,224,4,24,12,5,9,128,11,0.18,batch,4,1024
2024-08-21 06:43,17398.3,81.96305847167969,83377.266,11.729592323303224,83430.94,-1.6232013702392578,21,77269.414,29.036283493041992,44089.406,53.95331954956055,68544.51,30.368263244628903,4,68544.51,30.368263244628903,44089.406,53.95331954956055,77269.414,29.036283493041992,4,min_max,full,True,False,False,8,0.0327,16,36,288,8,28,12,6,9,64,9,0.16,batch,4,1024
2024-08-21 05:56,14361.133,84.95738220214844,80885.586,35.80842590332031,82209.67,26.36328887939453,20,74942.26,34.243125915527344,41688.203,64.89849090576172,70444.84,32.69047164916992,5,70444.84,32.69047164916992,41688.203,64.89849090576172,74942.26,34.243125915527344,5,min_max,full,True,False,True,8,0.0065,80,36,288,4,32,16,6,11,256,11,0.16,batch,4,1024
2024-08-21 06:42,14533.925,84.09320068359375,72712.06,38.983154296875,79413.0,17.6839599609375,21,69694.28,41.52742004394531,35975.71,64.83087158203125,71537.05,42.312984466552734,6,71537.05,42.312984466552734,35975.71,64.83087158203125,69694.28,41.52742004394531,6,min_max,conv_mlp,True,False,True,8,0.0055,16,32,352,8,28,12,7,9,128,11,0.16,batch,4,1024
2024-08-21 06:09,13651.1,85.79155731201172,70811.695,44.3189811706543,76777.49,21.736764907836918,23,70175.39,42.74440002441406,14655.48,83.30259704589844,78224.04,18.759668350219727,21,73033.27,28.411108016967773,57064.52,51.296295166015625,76840.03,34.83662033081055,5,min_max,full,True,False,True,8,0.0046,112,28,288,8,24,12,7,11,128,9,0.12,layer,4,1024
2024-08-21 06:34,10732.852,89.22990417480469,77452.555,27.72114944458008,82258.34,5.01474142074585,27,74364.375,28.88273048400879,21407.586,79.27558898925781,84471.45,-0.1002192497253418,17,74425.445,27.615760803222656,35953.895,61.66368865966797,77928.164,28.14240455627441,5,min_max,full,True,True,False,8,0.0047,112,36,224,8,28,12,5,9,192,9,0.18,batch,4,1024
2024-08-21 06:40,8864.136,90.22772216796876,74540.234,25.981182098388672,77152.71,13.509154319763184,30,70368.61,28.47880744934082,23453.771,76.31362915039062,77666.17,19.733238220214844,15,73135.64,23.809968948364254,63733.637,38.71047592163086,77296.36,20.09434700012207,5,min_max,conv_mlp,True,True,False,8,0.0109,16,32,288,8,28,12,7,11,64,11,0.16,layer,4,1024
2024-08-21 06:48,40242.848,54.43100738525391,83149.35,10.366368293762209,73817.06,15.930718421936035,5,80007.81,29.212003707885746,52752.492,52.55282974243164,84342.57,20.066553115844727,6,73817.06,15.930718421936035,40242.848,54.43100738525391,83149.35,10.366368293762209,5,min_max,conv_mlp,True,False,False,8,0.029,16,36,352,8,20,12,5,9,128,9,0.14,layer,4,1024
2024-08-21 06:46,8238.345,90.73141479492188,70646.11,41.83175659179688,76278.42,26.949369430541992,40,69314.945,39.498497009277344,15666.857,80.83103942871094,74578.19,21.589296340942383,25,69747.24,45.32154083251953,51063.184,59.12477493286133,84605.39,24.124557495117188,5,min_max,full,True,False,False,8,0.0098,48,32,160,8,28,12,8,9,64,9,0.14,batch,4,1024
2024-08-21 06:46,9036.261,90.75656127929688,76468.0,22.4113883972168,75397.27,15.521472930908203,38,72061.6,32.798828125,22807.463,81.83829498291016,76895.375,21.34176445007324,24,75640.45,14.179080963134766,10687.806,87.80960845947266,75931.61,21.90384864807129,36,min_max,full,True,False,True,8,0.0195,48,32,352,8,32,8,7,9,64,11,0.18,batch,4,1024
2024-08-21 06:11,8685.291,90.83035278320312,74559.555,36.0062255859375,74363.83,28.988773345947266,29,72928.09,43.54549789428711,21174.424,80.91583251953125,77687.766,30.283462524414062,17,74363.83,28.988773345947266,8685.291,90.83035278320312,74559.555,36.0062255859375,29,min_max,conv_mlp,True,True,True,8,0.0027,208,20,160,8,16,24,5,11,192,9,0.12,batch,4,1024
2024-08-21 06:27,15860.863,80.7839126586914,74840.55,25.02931404113769,77568.86,13.025784492492676,19,73812.28,35.7691650390625,61365.902,50.283241271972656,71783.266,33.29232406616211,4,71783.266,33.29232406616211,61365.902,50.283241271972656,73812.28,35.7691650390625,4,min_max,full,True,True,False,8,0.0275,16,32,288,4,24,12,5,9,128,11,0.14,layer,4,1024
2024-08-21 06:18,17752.05,80.81598663330078,78968.18,38.81878662109375,81912.555,31.070816040039062,18,76124.984,18.78563690185547,35797.113,56.22929382324219,80387.555,7.871061325073242,8,74204.28,31.264299392700195,38229.6,63.46212768554688,77612.51,35.3151741027832,5,min_max,full,True,False,True,8,0.0092,48,40,96,4,28,12,7,9,256,11,0.14,batch,4,1024
2024-08-21 06:30,7573.01,91.74392700195312,77315.62,37.5265998840332,74272.46,32.27345275878906,37,74918.94,31.96601867675781,13004.305,87.19200897216797,77507.14,22.20444107055664,28,73773.28,24.0870304107666,10121.321,89.2262191772461,76076.76,35.67612838745117,32,min_max,full,True,False,False,8,0.0035,144,32,160,4,28,20,7,11,128,11,0.14,batch,4,1024
2024-08-21 06:19,9322.458,89.74504089355469,73551.4,31.67351531982422,73966.34,23.308462142944336,33,70905.65,40.19646072387695,14482.506,85.09390258789062,77387.234,31.94831657409668,18,73966.34,23.308462142944336,9322.458,89.74504089355469,73551.4,31.67351531982422,33,min_max,full,True,True,False,8,0.0037,48,40,224,4,24,12,4,9,192,11,0.16,batch,4,1024
2024-08-21 06:07,13794.006,85.68350219726562,82509.63,28.69655990600586,84861.71,26.283281326293945,21,74207.88,44.65417098999024,29197.611,71.6719970703125,71760.25,33.992828369140625,6,71760.25,33.992828369140625,29197.611,71.6719970703125,74207.88,44.65417098999024,6,min_max,conv_mlp,True,True,False,8,0.0086,144,36,160,8,16,16,5,11,192,9,0.16,batch,4,1024
2024-08-21 06:33,7244.8267,92.41355895996094,70855.38,36.70197296142578,83302.6,15.146571159362791,37,69795.57,36.11122894287109,12476.146,87.63533782958984,84334.55,16.238636016845703,29,72578.04,34.84653854370117,37084.44,64.89065551757812,75418.125,35.16716384887695,5,min_max,full,True,True,True,8,0.0135,48,28,352,4,32,12,6,9,128,9,0.18,layer,4,1024
2024-08-21 06:12,10267.046,88.67240905761719,70477.02,33.26318359375,71457.41,21.564477920532227,32,64856.863,32.510780334472656,25563.723,73.75363159179688,73619.65,14.644235610961914,18,70223.32,24.07261085510254,15760.281,83.4002914428711,71044.766,34.1740608215332,25,min_max,full,True,True,False,8,0.0157,144,44,224,8,12,20,6,11,128,11,0.18,layer,4,1024
2024-08-21 06:23,13072.302,84.26163482666016,77792.805,26.094425201416016,78133.914,11.065805435180664,23,77792.805,26.094425201416016,13072.302,84.26163482666016,78133.914,11.065805435180664,23,72513.19,23.227989196777344,23526.291,75.6948471069336,84220.49,26.92364501953125,13,min_max,conv_mlp,True,True,True,8,0.0063,16,36,96,4,28,8,7,9,256,9,0.16,layer,4,1024
2024-08-21 05:59,26539.682,73.35236358642578,125434.12,-3.531050682067871,82541.38,9.718215942382812,12,87086.44,31.69713592529297,84047.59,44.70372009277344,81278.945,42.725616455078125,2,79752.95,9.397727012634276,39092.094,66.65778350830078,106116.6,-0.6430268287658691,13,min_max,full,True,False,False,8,0.0173,240,24,480,4,12,24,4,9,128,11,0.14,batch,4,1024
2024-08-21 06:44,10403.058,89.19698333740234,74999.38,28.31190299987793,76884.76,14.543848991394045,31,72042.01,28.80716323852539,32234.91,68.45113372802734,81683.36,-2.960085868835449,14,76250.125,40.83824920654297,66474.09,51.897239685058594,86251.625,26.548433303833008,4,min_max,full,True,False,False,8,0.0191,80,40,352,8,28,12,7,9,64,9,0.16,layer,4,1024
2024-08-21 06:19,10472.498,89.14881134033203,73224.305,21.990930557250977,74371.55,10.648608207702637,28,72089.84,27.457015991210938,15625.309,85.42430114746094,76551.02,8.529054641723633,21,71222.39,35.98444366455078,33891.48,71.47793579101562,84798.26,29.3999080657959,6,min_max,full,True,False,False,8,0.0061,48,36,96,4,20,20,3,11,192,9,0.16,batch,4,1024
2024-08-21 06:07,10643.46,88.96607208251953,75183.055,25.493877410888672,81194.79,19.75884437561035,32,74486.82,21.812408447265625,18225.812,81.09262084960938,75697.5,17.2609806060791,23,74082.57,36.90866088867188,55728.1,62.13090515136719,84434.53,26.343727111816406,5,min_max,conv_mlp,True,True,False,8,0.0172,112,24,352,8,16,16,7,11,64,11,0.18,batch,4,1024
2024-08-21 06:21,11538.655,87.00730895996094,78881.01,31.86123275756836,77372.305,23.475801467895508,24,76459.56,31.169164657592773,16855.701,82.10247039794922,76289.75,26.07099914550781,19,76289.75,26.07099914550781,16855.701,82.10247039794922,76459.56,31.169164657592773,19,min_max,conv_mlp,True,False,False,8,0.0081,112,32,224,4,28,12,4,11,192,11,0.16,layer,4,1024
2024-08-21 06:31,13405.324,85.29498291015625,92174.55,15.086036682128906,87745.305,16.773361206054688,19,80458.24,21.039289474487305,29479.863,68.13530731201172,89476.72,23.19020652770996,13,78161.875,31.064456939697266,80069.95,39.4002571105957,83546.86,23.208236694335938,5,min_max,conv_mlp,True,True,False,8,0.0056,48,32,224,4,32,12,7,11,128,11,0.14,layer,4,1024
2024-08-21 06:19,15626.4375,82.7942886352539,80272.984,27.81595039367676,80819.2,15.764719009399414,20,77190.74,29.453611373901367,58439.11,49.04549789428711,76809.4,35.59092330932617,5,76809.4,35.59092330932617,58439.11,49.04549789428711,77190.74,29.453611373901367,5,min_max,conv_mlp,True,False,True,8,0.006,80,40,96,4,24,4,5,11,192,9,0.12,batch,4,1024
2024-08-21 06:44,5552.943,94.0860366821289,72729.39,22.560400009155277,76319.05,21.17799568176269,45,71465.0,32.845699310302734,13034.89,86.29693603515625,73490.42,25.49339485168457,23,72646.17,19.47730255126953,14618.188,85.1431884765625,72867.414,26.04936408996582,21,min_max,full,True,True,False,8,0.0053,48,36,224,8,24,4,8,11,192,11,0.16,batch,4,1024
2024-08-21 05:55,11594.835,87.12290954589844,76660.97,29.76934814453125,82615.23,18.472326278686523,28,72077.9,32.245384216308594,30820.139,64.88130950927734,78165.2,23.24917984008789,13,78051.18,44.862789154052734,71259.25,51.0101203918457,83884.54,37.85592269897461,5,min_max,conv_mlp,True,False,True,8,0.0085,80,24,96,4,12,32,7,9,256,11,0.18,batch,4,1024
2024-08-21 06:36,9708.276,88.98799896240234,69922.37,31.627910614013672,79777.32,14.318442344665527,31,70529.08,32.66271209716797,12429.975,88.0677261352539,82048.77,19.15032196044922,27,79212.16,11.871356010437012,30148.973,66.95350646972656,70867.586,45.04024887084961,8,min_max,full,True,False,True,8,0.0086,48,36,224,8,20,12,6,11,128,11,0.16,layer,4,1024
2024-08-21 06:36,11209.613,87.85346984863281,78004.55,28.585826873779297,78890.82,9.96735668182373,25,73318.73,36.20114135742188,11457.83,88.67736053466797,78824.02,15.25731086730957,26,73763.914,21.320545196533203,32104.451,66.49816131591797,79217.54,31.80043029785156,6,min_max,conv_mlp,True,False,True,8,0.0117,16,36,160,4,28,16,6,11,128,9,0.14,layer,4,1024
2024-08-21 06:08,11854.708,87.38195037841797,77495.78,39.30818939208984,76295.99,24.54632568359375,26,77495.78,39.30818939208984,11854.708,87.38195037841797,76295.99,24.54632568359375,26,77623.97,13.427125930786133,20988.256,77.94282531738281,82435.01,30.736373901367188,17,min_max,conv_mlp,True,False,True,8,0.0023,208,24,224,4,16,8,4,9,192,9,0.16,batch,4,1024
2024-08-21 06:20,7498.9536,91.71968841552734,79904.26,37.02066421508789,70330.16,36.476505279541016,39,76172.52,42.57771301269531,18121.664,81.9679946899414,73363.836,37.41372680664063,24,69359.22,36.046783447265625,10648.61,89.31060028076172,78777.87,41.730247497558594,28,min_max,full,True,False,True,8,0.0075,112,44,160,4,20,8,6,9,128,11,0.16,layer,4,1024
2024-08-21 06:30,13006.248,86.07170867919922,71297.22,34.66733169555664,79006.664,8.355987548828125,24,73365.33,31.801700592041016,36874.008,58.493900299072266,89698.55,-17.748701095581055,10,78013.79,19.73478126525879,39740.562,56.52431869506836,77398.016,37.86985778808594,6,min_max,conv_mlp,True,False,False,8,0.0061,80,36,160,4,32,12,7,9,64,9,0.14,layer,4,1024
2024-08-21 06:25,10550.523,88.86974334716797,84508.195,18.25493049621582,75266.87,25.19845390319824,24,81020.91,26.506542205810547,13316.361,86.79364776611328,76335.4,31.913345336914062,20,73736.664,22.946107864379883,32128.783,67.8709716796875,114348.555,-26.27832794189453,6,min_max,full,True,False,True,8,0.0032,48,48,160,4,32,20,7,9,256,11,0.18,batch,4,1024
2024-08-21 06:10,9639.026,89.49024963378906,76230.49,22.57499122619629,74596.01,21.248031616210938,33,70274.17,21.977895736694336,28546.662,67.76763916015625,77465.414,12.408315658569336,18,70913.7,28.36693572998047,22263.79,74.74261474609375,79778.1,13.988799095153809,15,min_max,full,True,True,False,8,0.0036,112,36,288,4,28,28,6,9,128,9,0.14,layer,4,1024
2024-08-21 06:37,12670.045,85.56307220458984,74239.84,34.91131591796875,84003.1,10.837638854980469,27,74239.84,34.91131591796875,12670.045,85.56307220458984,84003.1,10.837638854980469,27,78460.67,21.258289337158203,15075.151,87.31725311279297,76586.06,41.01773071289063,24,min_max,conv_mlp,True,False,True,8,0.0118,80,48,96,4,28,12,6,9,192,11,0.16,layer,4,1024
2024-08-21 06:29,6476.313,92.97178649902344,74074.74,41.51961898803711,70867.55,30.497222900390625,42,71763.16,41.24413299560547,11031.984,88.37688446044922,69128.195,29.89037704467773,29,69002.21,28.60611724853516,12494.046,85.22412109375,72539.33,41.862911224365234,30,min_max,full,True,False,False,8,0.0104,112,32,224,4,20,16,6,9,128,11,0.16,batch,4,1024
2024-08-21 06:10,10671.627,89.23871612548828,74745.89,33.294212341308594,75079.35,24.644142150878903,32,73699.07,37.18317794799805,16231.216,83.76248931884766,76802.2,33.970855712890625,22,74189.484,20.45760726928711,11252.715,87.37543487548828,74258.086,32.02341079711914,31,min_max,full,True,True,True,8,0.0034,112,32,224,4,20,16,4,11,128,9,0.14,batch,4,1024
2024-08-21 06:32,8616.404,91.64862060546876,75452.125,29.381567001342773,78611.74,20.2627067565918,32,68453.81,35.89411544799805,19644.438,81.94895935058594,81151.45,20.780075073242188,17,77628.65,22.11725616455078,12208.555,87.49359893798828,75082.375,29.380290985107425,22,min_max,conv_mlp,True,True,False,8,0.0061,16,36,224,4,24,12,6,11,128,11,0.16,layer,4,1024
2024-08-21 06:40,7740.443,91.3519058227539,71600.27,30.32552528381348,77853.08,6.530207633972168,38,70811.734,36.96623992919922,10637.367,88.29724884033203,77455.34,7.999974250793457,29,73095.95,37.67730712890625,59475.797,56.859989166259766,80226.836,36.34177017211914,4,min_max,full,True,False,True,8,0.0146,16,28,160,8,24,8,3,9,128,9,0.18,layer,4,1024
2024-08-21 06:43,12876.329,86.3291244506836,70413.76,32.553165435791016,82715.305,32.12826919555664,20,66887.12,42.83131408691406,35036.746,69.60830688476562,84960.7,36.85432815551758,6,78010.67,23.73217391967773,82456.44,32.64499282836914,84357.17,15.153366088867188,4,min_max,conv_mlp,True,True,True,8,0.0128,16,36,288,8,24,12,6,11,128,9,0.14,batch,4,1024
2024-08-21 06:08,10822.9,88.98344421386719,70981.53,30.79668235778809,79801.84,21.073699951171875,26,64871.234,27.68114852905273,26246.834,69.54706573486328,83273.34,10.75705909729004,14,75046.17,23.77225685119629,15392.845,86.2647705078125,69262.17,30.18927574157715,23,min_max,full,True,True,False,8,0.0111,112,40,352,8,20,8,4,9,128,9,0.14,batch,4,1024
2024-08-21 06:11,14560.084,86.34506225585938,80073.63,30.823486328125,77151.42,34.316688537597656,20,69073.32,34.559547424316406,38627.918,61.51648712158203,75845.29,20.091575622558597,6,69956.96,23.97689247131348,36613.406,56.81265640258789,80762.16,9.263843536376951,11,min_max,full,True,True,True,8,0.0047,112,28,224,8,16,12,6,11,192,11,0.16,layer,4,1024
2024-08-21 06:02,36275.547,63.79285430908203,79440.23,39.09931945800781,87778.266,-1.1470794677734375,8,82001.95,23.939138412475582,68743.57,34.85298156738281,79176.766,34.18840789794922,16,79176.766,34.18840789794922,68743.57,34.85298156738281,82001.95,23.939138412475582,16,min_max,conv_mlp,True,True,False,8,0.0227,208,32,352,4,12,16,4,11,128,11,0.14,batch,4,1024
2024-08-21 06:33,19715.533,79.11795806884766,77794.72,24.363582611083984,85636.85,-4.4860005378723145,19,74102.59,44.39968490600586,45266.754,65.0976333618164,78071.96,41.41413497924805,5,78071.96,41.41413497924805,45266.754,65.0976333618164,74102.59,44.39968490600586,5,min_max,full,True,False,True,8,0.0106,48,32,352,4,28,8,5,9,192,11,0.16,batch,4,1024
2024-08-21 06:45,6911.5493,92.38706970214844,69052.23,40.4062385559082,75293.62,29.84301376342773,43,67048.11,41.229583740234375,11906.856,87.53670501708984,74218.13,26.73300552368164,28,72741.36,26.20459747314453,21671.377,78.81491088867188,71263.06,35.10572814941406,24,min_max,full,True,True,False,8,0.0092,80,32,416,8,32,12,8,9,64,11,0.12,batch,4,1024
2024-08-21 06:11,11962.009,87.52633666992188,81091.87,23.29326820373535,78701.02,25.933868408203125,29,78094.79,22.304893493652344,13709.6875,85.666015625,75849.42,17.97278594970703,25,75282.4,13.824552536010742,23642.512,78.20732116699219,98969.55,-0.3252267837524414,15,min_max,full,True,False,True,8,0.0043,80,32,288,4,20,20,3,9,128,11,0.16,layer,4,1024
2024-08-21 06:03,10161.323,88.87281036376953,78710.11,25.436431884765625,76269.49,17.090177536010742,28,77139.94,32.48875045776367,9880.385,89.50325775146484,75678.65,17.04741096496582,31,74123.766,20.609539031982425,11796.719,87.59845733642578,81164.16,25.20654296875,29,min_max,full,True,True,False,8,0.003,16,20,416,8,8,20,5,11,256,9,0.12,layer,4,1024
2024-08-21 06:38,10164.988,89.83564758300781,71809.2,44.75821685791016,79463.06,31.685441970825195,29,67318.84,41.06000518798828,41140.297,57.90233612060547,83992.54,17.562162399291992,12,78145.24,16.004926681518555,19029.475,81.37677001953125,67975.09,29.258358001708984,24,min_max,full,True,False,False,8,0.0114,16,40,224,8,32,16,5,9,128,9,0.16,batch,4,1024
2024-08-21 06:07,21062.924,80.58909606933594,83892.32,29.83931350708008,79758.19,28.327136993408203,19,76032.164,48.68577194213867,44785.617,55.65105056762695,80696.82,32.66192626953125,5,77267.45,24.059551239013672,54935.61,57.771671295166016,85161.67,20.89849090576172,12,min_max,conv_mlp,True,True,False,8,0.0246,48,32,224,4,12,24,3,11,128,9,0.12,layer,4,1024
2024-08-21 06:40,7696.644,92.69580078125,74138.5,34.22663879394531,77283.64,31.6199893951416,37,72068.52,32.52977752685547,18215.164,81.7260513305664,82159.56,21.141719818115234,18,75876.805,26.70691680908203,7222.484,91.81339263916016,72999.46,29.943359375,36,min_max,conv_mlp,True,True,False,8,0.0041,48,36,224,4,28,16,7,9,128,11,0.18,layer,4,1024
2024-08-21 06:29,12306.868,86.51854705810547,79221.1,46.3852653503418,78961.805,27.787357330322266,23,74060.055,46.52774429321289,51378.613,55.71327972412109,86341.0,37.94328689575195,9,76075.33,26.59070587158203,20198.24,78.53160858154297,79404.93,36.28550338745117,14,min_max,conv_mlp,True,False,True,8,0.0054,80,32,288,4,16,16,5,9,128,11,0.18,batch,4,1024
2024-08-21 06:44,28041.01,74.13121795654297,73776.1,38.3565559387207,75961.125,40.41891098022461,12,79801.586,27.96282196044922,65811.555,41.670841217041016,77142.89,39.83242416381836,23,74236.266,43.86967849731445,77305.95,45.1883430480957,88640.125,30.58393669128418,27,min_max,conv_mlp,True,True,True,8,0.0248,48,36,352,8,32,8,7,9,64,11,0.14,layer,4,1024
2024-08-21 05:44,17178.447,83.4321517944336,74553.016,24.891721725463867,84399.555,-0.2135276794433593,19,74553.016,24.891721725463867,17178.447,83.4321517944336,84399.555,-0.2135276794433593,19,76745.055,24.513572692871094,21803.408,84.03186798095703,75376.41,36.52970886230469,20,min_max,full,True,True,False,8,0.0036,48,40,96,4,28,28,7,11,192,11,0.12,batch,4,1024
2024-08-21 05:54,9693.197,89.552978515625,73621.36,32.343994140625,77947.17,24.51726722717285,31,70774.61,36.88426208496094,16833.867,82.131103515625,76748.59,23.025989532470703,18,73351.24,22.05976867675781,19277.709,77.50965881347656,73175.19,31.846172332763672,20,min_max,full,True,False,False,8,0.0022,176,40,352,8,8,20,7,9,192,9,0.2,layer,4,1024
2024-08-21 06:29,11106.103,88.45199584960938,71624.92,32.22445297241211,80223.59,9.146851539611816,32,67890.02,39.114994049072266,19038.715,81.48574829101562,79472.32,14.455241203308104,17,76265.93,26.667903900146484,12609.407,87.41565704345703,71302.39,38.75799179077149,31,min_max,full,True,True,True,8,0.0102,48,44,224,4,20,12,6,9,192,11,0.18,layer,4,1024
2024-08-21 06:19,11067.203,88.39952087402344,77551.08,37.726341247558594,69847.58,28.33698463439941,25,77475.07,27.87865447998047,33805.23,66.28146362304688,89190.62,-18.01488494873047,10,69254.41,39.30608749389648,12735.793,86.78783416748047,80797.0,37.46164321899414,21,min_max,conv_mlp,True,False,False,8,0.0027,144,28,160,4,20,20,5,9,192,11,0.18,batch,4,1024
2024-08-21 06:39,11439.21,86.60980987548828,72384.805,33.5111083984375,76960.72,21.95541763305664,28,70237.11,32.66498947143555,22504.025,78.31210327148438,79809.305,26.70376968383789,16,76960.72,21.95541763305664,11439.21,86.60980987548828,72384.805,33.5111083984375,28,min_max,full,True,False,False,8,0.0163,48,36,160,4,24,4,6,9,64,9,0.12,batch,4,1024
2024-08-21 06:25,15296.811,82.6537094116211,79322.78,34.81480026245117,78792.54,19.687509536743164,19,78510.26,43.71155548095703,48399.074,59.461055755615234,76800.49,43.4565544128418,5,76800.49,43.4565544128418,48399.074,59.461055755615234,78510.26,43.71155548095703,5,min_max,conv_mlp,True,True,True,8,0.0102,48,36,96,4,28,12,6,11,192,9,0.18,batch,4,1024
2024-08-21 06:04,18615.25,82.7315902709961,84017.33,33.386199951171875,79473.54,26.735008239746094,20,78905.01,28.622222900390625,20509.168,80.0280990600586,79728.59,4.297053813934326,21,78622.57,23.43887710571289,20132.264,78.6802749633789,84943.31,35.043792724609375,17,min_max,conv_mlp,True,False,True,8,0.0116,16,28,352,4,16,8,7,11,64,9,0.14,layer,4,1024
2024-08-21 06:41,35500.61,63.11276626586914,74134.19,27.942228317260746,77022.48,19.980823516845703,6,75234.67,11.60915470123291,50056.246,51.81070709228516,96495.64,-21.725500106811523,11,76333.5,33.41827392578125,82101.5,7.579130172729492,1302840600000.0,-605752192.0,25,min_max,full,True,False,False,8,0.0437,16,32,224,4,24,16,6,11,192,11,0.16,batch,4,1024
2024-08-21 06:30,7640.3154,91.95262908935548,77014.055,27.646339416503903,75506.18,26.94271278381348,38,74921.93,32.16007232666016,10381.233,88.63119506835938,78175.27,28.067440032958984,29,72099.805,31.01230812072754,38749.887,63.880069732666016,166723.05,-33.78382873535156,5,min_max,full,True,False,False,8,0.0091,112,36,288,4,12,12,7,9,192,9,0.16,batch,4,1024
2024-08-21 06:36,8590.672,91.6386947631836,78359.914,36.45152282714844,78768.234,13.74656581878662,36,73935.09,37.56353759765625,14534.783,84.59391784667969,76884.12,18.96013069152832,21,75744.67,23.92096519470215,20918.902,82.18132781982422,75751.17,42.125,24,min_max,conv_mlp,True,True,False,8,0.0205,80,32,288,4,32,16,4,9,128,9,0.18,layer,4,1024
2024-08-21 06:25,16174.625,85.55516815185547,75454.14,36.7524642944336,80141.04,19.775766372680664,21,70428.27,23.99748039245605,40426.605,47.83769989013672,81201.94,-0.6981611251831055,6,72299.15,30.28013610839844,57278.6,52.840087890625,79246.76,27.909761428833008,5,min_max,conv_mlp,True,True,True,8,0.0166,48,28,288,4,24,16,6,11,192,9,0.2,layer,4,1024
2024-08-21 06:29,33787.363,66.78424835205078,81934.57,44.44493103027344,82945.37,23.990190505981445,8,70632.54,37.10041809082031,57002.46,40.54165649414063,72229.8,33.77186584472656,27,72092.81,37.00627136230469,55237.26,42.5898551940918,70800.14,38.98286056518555,28,min_max,conv_mlp,True,False,True,8,0.0278,48,28,288,4,28,16,7,9,192,11,0.16,layer,4,1024
2024-08-21 06:08,15364.551,83.16571807861328,72490.15,39.2829475402832,78300.81,28.19299697875977,20,69589.016,38.9718132019043,34243.805,64.41603088378906,88857.24,5.6511759757995605,7,77080.37,31.374191284179688,39671.1,62.79410552978516,75723.57,36.27870178222656,6,min_max,conv_mlp,True,True,True,8,0.0046,208,40,352,8,12,16,7,11,128,9,0.12,layer,4,1024
2024-08-21 06:00,39191.477,56.57242584228516,103906.914,-20.946216583251957,86102.875,13.084697723388672,9,69538.76,33.16679000854492,32654.213,66.14612579345703,81895.516,10.358964920043944,8,71706.21,41.432220458984375,78319.29,31.796287536621094,113864.92,-34.3404426574707,3,min_max,full,True,True,True,8,0.036,144,28,288,8,28,28,4,11,128,9,0.12,layer,4,1024
2024-08-21 06:39,16781.596,80.19709777832031,77593.695,36.31147766113281,79965.914,8.491050720214844,22,74911.33,37.08650970458984,17926.361,81.79866027832031,79202.3,5.409514904022217,25,76665.8,21.32274436950684,24542.043,79.55538177490234,78552.7,41.677528381347656,18,min_max,conv_mlp,True,False,False,8,0.01,112,36,160,8,24,16,7,11,128,9,0.14,batch,4,1024
2024-08-21 06:24,6537.1997,93.08824157714844,73662.82,30.7612247467041,76550.75,17.939239501953125,40,72288.31,43.940467834472656,29464.984,72.50211334228516,75082.52,29.269271850585938,9,74540.85,46.66895294189453,36485.09,69.59122467041016,82295.06,36.2614631652832,6,min_max,full,True,False,True,8,0.0045,48,40,352,4,28,16,6,9,128,9,0.18,batch,4,1024
2024-08-21 06:21,4516.1865,94.90325164794922,72977.98,33.64297103881836,70810.18,27.10022354125977,49,73050.78,34.87778854370117,5403.5947,94.07884216308594,70807.016,29.990036010742188,40,69366.65,21.99775505065918,10834.653,89.57137298583984,74920.67,32.34328079223633,23,min_max,conv_mlp,True,False,False,8,0.0044,16,36,160,4,20,16,6,9,256,9,0.18,layer,4,1024
2024-08-21 06:27,10007.8545,89.49148559570312,75569.27,33.016456604003906,84686.95,12.465888023376465,30,70671.54,37.3089485168457,19306.387,79.19312286376953,78347.95,14.210104942321776,16,74101.77,28.685962677001957,30511.37,67.77568817138672,123986.055,-6.403660774230957,6,min_max,conv_mlp,True,True,True,8,0.0022,48,48,224,4,28,20,5,9,192,9,0.16,layer,4,1024
2024-08-21 06:04,13651.601,83.80451965332031,80458.87,16.108257293701172,82889.72,-6.745803356170654,25,76425.734,19.053394317626957,29606.238,70.033935546875,88990.36,-19.184471130371094,10,74906.7,44.04334259033203,55332.426,62.18754196166992,79293.41,39.81791687011719,5,min_max,conv_mlp,True,True,False,8,0.007,112,32,288,4,20,24,4,9,128,9,0.16,layer,4,1024
2024-08-21 06:27,8349.957,90.88329315185548,78729.445,30.570858001708984,69675.68,34.47377014160156,27,78301.27,23.26232147216797,14764.225,82.97115325927734,72112.16,17.840225219726562,19,68237.71,23.25548553466797,18538.168,80.23723602294922,80479.39,27.589160919189453,15,min_max,conv_mlp,True,True,True,8,0.0063,16,32,224,4,28,8,7,9,128,11,0.16,batch,4,1024
2024-08-21 06:22,15692.025,83.56588745117188,83732.62,31.4638786315918,78860.19,27.92259979248047,17,77132.52,44.5229721069336,68487.28,56.72770690917969,74303.09,41.969573974609375,4,74303.09,41.969573974609375,68487.28,56.72770690917969,77132.52,44.5229721069336,4,min_max,full,True,False,False,8,0.0085,80,28,160,4,28,20,6,11,256,11,0.1,batch,4,1024
2024-08-21 06:06,18445.07,79.02052307128906,80037.85,27.80691337585449,70200.37,31.243688583374023,18,72161.43,31.50358772277832,33471.36,61.17396545410156,85149.92,17.192441940307617,5,69945.734,27.96371078491211,20023.332,74.95964813232422,76133.06,31.031328201293945,16,min_max,conv_mlp,True,False,True,8,0.014,144,40,416,8,24,20,6,9,128,11,0.18,batch,4,1024
2024-08-21 06:07,8439.177,90.89698791503906,74315.555,23.69045639038086,79587.97,19.29853630065918,35,71418.09,25.236839294433597,17918.451,83.34342956542969,82385.76,17.517196655273438,20,71462.35,31.71962547302246,43615.137,65.38381958007812,72552.77,37.69009780883789,5,min_max,conv_mlp,True,False,True,8,0.0166,144,32,288,8,20,28,5,9,128,9,0.16,batch,4,1024
2024-08-21 06:34,18641.668,81.79247283935547,75091.26,32.80811309814453,79174.94,11.615026473999023,20,70634.08,38.24262619018555,36591.156,65.8382797241211,76306.516,36.124061584472656,6,76306.516,36.124061584472656,36591.156,65.8382797241211,70634.08,38.24262619018555,6,min_max,full,True,False,False,8,0.0139,48,32,288,8,28,12,5,9,128,11,0.18,batch,4,1024
2024-08-21 06:31,15022.194,85.30850982666016,79636.63,27.12931060791016,77123.42,26.171993255615234,20,78147.62,22.50929450988769,44723.848,52.193397521972656,84434.27,-0.3422975540161133,7,75219.94,40.09838104248047,63888.703,56.16581344604492,83198.195,36.3011589050293,5,min_max,conv_mlp,True,True,True,8,0.0132,48,40,224,4,20,20,8,9,192,9,0.14,layer,4,1024
2024-08-21 06:24,10294.0205,89.7206039428711,101453.586,11.688756942749023,76790.58,17.485088348388672,25,97296.47,17.46900177001953,90812.89,44.138092041015625,77987.984,40.26178741455078,3,72330.414,35.84389114379883,55990.277,62.149024963378906,144919.33,-32.07072067260742,4,min_max,full,True,False,False,8,0.0028,48,48,160,4,28,8,5,9,256,9,0.12,batch,4,1024
2024-08-21 06:27,23438.838,72.40253448486328,83197.27,33.67029571533203,91008.74,26.496166229248047,19,80795.81,24.43537139892578,47934.434,61.85873794555664,77711.695,38.23714447021485,5,77711.695,38.23714447021485,47934.434,61.85873794555664,80795.81,24.43537139892578,5,min_max,full,True,False,False,8,0.0149,16,32,224,4,32,16,8,9,192,11,0.16,layer,4,1024
2024-08-21 06:11,12931.952,86.31805419921875,72230.28,38.31270217895508,74717.24,39.89525985717773,25,69310.77,34.85102081298828,33901.31,62.60811614990234,84076.17,4.440074920654297,11,72027.16,42.59273910522461,62719.004,56.52024841308594,79412.63,43.9365463256836,5,min_max,conv_mlp,True,False,True,8,0.009,176,36,224,8,8,12,6,9,128,9,0.12,layer,4,1024
2024-08-21 06:12,7758.4194,91.60667419433594,75300.59,26.051342010498047,74688.21,11.0792818069458,33,71430.76,31.59900283813477,15448.282,84.71753692626953,77883.98,9.03795337677002,20,71140.13,19.868457794189453,10459.547,89.32752990722656,75189.51,24.325328826904297,24,min_max,conv_mlp,True,True,True,8,0.0039,144,32,160,8,12,8,5,11,192,11,0.16,layer,4,1024
2024-08-21 06:48,12087.476,87.44224548339844,75422.42,38.654239654541016,78808.84,20.630096435546875,28,71977.62,29.283178329467773,27110.254,71.46366882324219,83120.664,0.966799259185791,22,75627.945,36.93841171264648,66469.22,43.33418655395508,108311.4,-22.632932662963867,5,min_max,conv_mlp,True,False,True,8,0.0179,48,36,480,8,32,8,7,9,64,9,0.14,batch,4,1024
2024-08-21 05:59,57267.1,42.34072494506836,126874.6,-25.640905380249023,83659.125,15.412789344787598,9,84506.875,27.376544952392575,83025.13,41.388702392578125,82972.83,33.64900207519531,3,80616.31,1.5127182006835938,82264.95,16.047531127929688,88496.42,-7.688009738922119,17,min_max,conv_mlp,True,False,False,8,0.0309,176,28,288,8,16,8,7,9,128,9,0.12,batch,4,1024
2024-08-21 06:11,7905.149,91.7691879272461,73642.05,35.56361770629883,79546.67,39.85755920410156,36,71538.2,33.17788314819336,15297.334,85.8291244506836,77302.375,36.32237243652344,23,76128.375,39.45821380615234,37101.402,67.2717514038086,102804.54,-5.4958343505859375,6,min_max,full,True,True,False,8,0.0014,112,36,288,4,24,20,5,11,128,11,0.14,batch,4,1024
2024-08-21 05:42,45244.71,47.65229797363281,97936.04,8.254307746887207,103572.59,-4.013514518737793,11,89465.97,29.822904586791992,91810.26,42.5142822265625,80014.83,41.14647674560547,3,73988.91,12.886905670166016,55046.484,30.824487686157227,96480.57,-18.5211181640625,4,min_max,conv_mlp,True,True,True,8,0.0165,240,32,96,8,24,24,7,11,192,11,0.16,batch,4,1024
2024-08-21 05:58,16638.406,81.91463470458984,85875.35,11.651402473449709,83732.93,9.745102882385254,22,67370.42,30.720298767089844,33280.6,64.42231750488281,82591.88,-4.657649993896484,8,75887.5,23.865449905395508,65404.23,48.577880859375,76297.62,23.974668502807617,5,min_max,conv_mlp,True,False,False,8,0.0048,112,36,288,4,16,20,5,9,128,9,0.14,layer,4,1024
2024-08-21 06:02,12931.996,86.97606658935547,79577.66,31.850927352905277,77128.06,27.143747329711918,28,73029.29,23.304784774780277,22437.715,76.13654327392578,73914.96,16.84728240966797,17,73410.03,28.110092163085938,28487.455,75.64154815673828,74684.28,21.466344833374023,15,min_max,full,True,True,True,8,0.0042,208,32,160,4,24,16,5,9,128,9,0.14,batch,4,1024
2024-08-21 06:22,10672.709,88.8532485961914,86548.99,27.615726470947266,80712.86,27.45732688903809,25,86048.93,26.477813720703125,13594.234,86.94892883300781,79550.21,28.19707489013672,23,76947.82,42.81802749633789,65126.83,55.14666366577149,151644.95,-32.52030563354492,5,min_max,full,True,False,True,8,0.0028,16,36,352,4,24,16,5,9,256,11,0.14,batch,4,1024
2024-08-21 06:33,12723.581,87.01519012451172,75031.055,38.04981231689453,78019.516,29.040605545043945,19,72359.36,40.00203704833984,29832.703,69.28193664550781,81027.22,36.99699020385742,6,76850.266,41.92164611816406,53122.48,61.020267486572266,79785.84,37.30816268920898,5,min_max,full,True,False,True,8,0.0107,16,24,224,4,28,16,6,9,192,11,0.18,batch,4,1024
2024-08-21 06:45,15297.015,84.74478912353516,74767.05,38.22109222412109,79254.17,38.093143463134766,20,72760.72,31.727325439453125,34641.523,57.59077835083008,69915.34,22.05134010314941,6,69915.34,22.05134010314941,34641.523,57.59077835083008,72760.72,31.727325439453125,6,min_max,conv_mlp,True,False,False,8,0.0118,16,40,288,8,20,16,5,9,64,11,0.14,batch,4,1024
2024-08-21 06:22,12669.605,85.92969512939453,76017.695,28.38800621032715,82406.42,21.732181549072266,25,73480.33,34.188926696777344,19385.973,83.09796142578125,81380.29,33.182861328125,20,71640.12,42.98232650756836,57809.48,59.37687301635742,78256.27,39.978515625,5,min_max,full,True,False,False,8,0.0027,80,44,160,4,32,12,6,9,192,11,0.16,layer,4,1024
2024-08-21 06:24,9852.053,90.28600311279295,74690.125,25.567323684692383,81798.14,5.09156608581543,31,71954.6,27.23172950744629,17141.998,81.07376098632812,79734.98,16.027080535888672,17,74868.57,17.25242805480957,25717.033,78.35665130615234,74650.695,29.497777938842773,14,min_max,full,True,True,False,8,0.0108,48,36,160,4,24,12,5,11,256,11,0.14,layer,4,1024
2024-08-21 06:06,12140.898,87.43575286865234,76640.555,34.99338150024414,75486.38,27.392208099365234,23,76610.04,38.61663818359375,35898.98,66.29528045654297,73925.77,26.8806095123291,9,69002.76,38.47004318237305,36552.074,66.65061950683594,79983.75,44.21820831298828,6,min_max,conv_mlp,True,False,False,8,0.004,112,40,288,8,24,24,5,9,128,11,0.16,layer,4,1024
2024-08-21 05:52,13171.284,85.84239196777344,76901.82,37.13048553466797,76264.28,32.05287551879883,23,74422.67,35.445289611816406,19907.086,79.83574676513672,74684.88,29.108243942260746,15,69672.51,23.868297576904297,17196.113,80.09461212158203,75231.32,29.55154228210449,18,min_max,full,True,False,True,8,0.0008,80,48,352,8,20,8,7,11,64,11,0.1,layer,4,1024
2024-08-21 06:44,7306.357,92.1420669555664,70541.68,41.06233596801758,79237.34,22.85981750488281,41,68590.57,39.01962661743164,14141.907,83.22586059570312,80586.336,12.369865417480469,28,72925.37,25.01058578491211,41601.094,64.22147369384766,72719.67,42.57978057861328,5,min_max,full,True,False,False,8,0.0079,48,44,352,8,28,8,7,9,64,11,0.14,layer,4,1024
2024-08-21 05:43,41446.39,58.1970329284668,88735.195,22.183395385742188,99150.42,27.22482109069824,9,85358.21,43.03261184692383,82581.96,50.06467056274414,83340.58,47.28299331665039,3,76746.39,39.1738166809082,48760.926,62.02250671386719,85982.445,30.0753116607666,4,min_max,full,True,False,False,8,0.0151,144,44,224,8,28,28,5,9,128,9,0.1,layer,4,1024
2024-08-21 06:46,6362.504,93.40460205078124,73893.74,36.56586837768555,76397.625,30.576520919799805,42,68908.74,42.31291961669922,12052.217,87.51648712158203,77710.875,25.572813034057617,27,74129.0,31.96904754638672,23065.299,78.30980682373047,72735.32,37.184818267822266,15,min_max,full,True,True,True,8,0.0085,80,32,160,8,24,4,5,9,128,11,0.12,layer,4,1024
2024-08-21 06:23,18398.152,84.2584457397461,79879.3,32.777339935302734,81788.28,20.24724578857422,17,71517.06,33.646278381347656,41898.72,51.77090835571289,74328.125,28.286182403564453,5,74328.125,28.286182403564453,41898.72,51.77090835571289,71517.06,33.646278381347656,5,min_max,full,True,False,True,8,0.008,16,40,224,4,28,12,8,11,128,11,0.16,layer,4,1024
2024-08-21 06:09,13723.726,83.1396484375,72884.28,28.9344425201416,75362.02,29.17742729187012,23,73164.64,43.39418411254883,34655.527,63.836063385009766,90037.66,30.060285568237305,9,73182.79,28.52984046936035,20846.893,83.33903503417969,75622.6,25.81768035888672,22,min_max,conv_mlp,True,True,True,8,0.0096,144,40,352,8,12,20,5,11,192,9,0.16,layer,4,1024
2024-08-21 06:03,14081.184,85.80975341796875,72798.97,26.00035095214844,83518.02,16.028934478759766,22,71590.53,28.83504676818848,35604.734,64.46354675292969,82210.07,6.347286701202393,7,79439.34,28.422473907470703,52482.3,39.95104598999024,91752.04,8.095645904541016,6,min_max,full,True,True,True,8,0.0106,48,36,224,8,20,8,5,11,192,11,0.14,layer,4,1024
2024-08-21 06:25,13544.986,87.7440185546875,77633.61,34.511436462402344,79460.78,13.146954536437988,24,75092.84,31.433618545532227,19874.89,75.03520965576172,75342.51,11.736196517944336,21,74890.61,36.56299209594727,49311.492,57.45743560791016,75448.51,38.829498291015625,5,min_max,conv_mlp,True,True,False,8,0.0159,80,36,224,4,24,16,7,9,128,9,0.18,batch,4,1024
2024-08-21 06:07,10625.974,89.57305908203125,77411.76,30.27276992797852,76814.695,23.94655418395996,32,72214.24,27.96620178222656,20984.947,80.1400146484375,82032.414,16.553098678588867,18,71034.89,17.995786666870117,53175.2,52.09516143798828,73798.055,29.04952812194824,5,min_max,conv_mlp,True,True,True,8,0.0193,16,32,160,8,16,20,4,9,256,11,0.16,batch,4,1024
2024-08-21 06:30,14065.781,81.45925903320312,74129.58,20.14760398864746,79654.88,7.6129255294799805,26,72696.0,27.547948837280277,14435.392,85.8595962524414,83666.414,11.329614639282228,21,79185.64,36.19950866699219,53114.832,56.768821716308594,79823.016,25.929224014282227,5,min_max,full,True,False,True,8,0.0126,48,28,224,4,24,12,6,11,64,9,0.16,layer,4,1024
2024-08-21 06:01,30117.172,73.6820068359375,81908.23,16.078399658203125,84244.164,8.980094909667969,12,79409.58,16.596019744873047,39923.273,59.75689697265625,85263.984,1.51481032371521,8,80204.01,50.527252197265625,57341.56,60.35827255249024,79904.625,48.69919967651367,4,min_max,conv_mlp,True,True,True,8,0.031,112,20,224,4,24,28,5,9,128,9,0.12,layer,4,1024
2024-08-21 05:53,13419.495,86.86473083496094,78703.93,36.520267486572266,80826.945,28.51432609558105,21,78170.13,30.6752986907959,30068.07,76.13780975341797,85983.445,25.160329818725582,11,79355.05,28.219253540039062,31274.986,65.91791534423828,82099.95,22.534502029418945,7,min_max,conv_mlp,True,False,True,8,0.0009,240,32,160,4,24,8,2,11,192,9,0.2,batch,4,1024
2024-08-21 06:29,11035.139,86.74937438964844,79303.52,31.118637084960938,82290.84,21.9691162109375,27,75323.72,29.81145477294922,16544.963,80.86402130126953,83768.85,14.06525993347168,20,77491.7,26.988147735595703,80670.36,35.905967712402344,84421.28,18.17050552368164,5,min_max,conv_mlp,True,False,False,8,0.0043,48,28,160,4,28,8,8,9,192,9,0.16,layer,4,1024
2024-08-21 06:41,6503.08,93.09651947021484,71498.914,26.440561294555664,73941.266,10.581201553344728,45,70206.234,27.57714462280273,7394.0034,91.98062133789062,74177.21,10.985517501831056,40,72269.05,43.41193008422852,40180.973,66.02488708496094,72171.92,42.9664421081543,5,min_max,full,True,False,False,8,0.0124,16,32,288,8,24,12,5,9,64,9,0.14,layer,4,1024
2024-08-21 06:27,12588.7,85.64833068847656,82929.52,29.03759384155273,83368.52,18.42591094970703,24,78325.95,35.84634780883789,31661.996,65.90878295898438,84980.09,21.67302894592285,6,74882.836,37.07892227172852,49551.695,64.10401153564453,79267.0,42.82141876220703,5,min_max,full,True,True,False,8,0.0248,16,32,224,4,28,12,6,9,192,11,0.18,layer,4,1024
2024-08-21 06:40,8838.258,91.16394805908205,74362.51,40.20058441162109,75624.24,34.33449172973633,41,72480.02,38.74692153930664,19295.559,79.6052474975586,80956.53,36.48473739624024,19,70995.86,13.360065460205078,54809.15,44.99308013916016,75798.516,37.10795211791992,5,min_max,conv_mlp,True,True,False,8,0.0195,16,36,288,8,24,12,6,11,64,11,0.18,layer,4,1024
2024-08-21 06:13,9378.877,90.51858520507812,75976.66,27.325422286987305,74650.66,14.952791213989258,30,74396.27,34.4627571105957,22979.602,75.73161315917969,78515.04,13.589400291442873,15,73329.99,26.527912139892575,23733.387,72.75517272949219,77787.74,30.416810989379883,14,min_max,full,True,False,True,8,0.0048,176,40,288,8,24,20,6,9,256,9,0.14,batch,4,1024
2024-08-21 06:41,14214.772,81.83915710449219,76806.34,32.95220184326172,79606.375,10.09061336517334,25,76125.88,40.23637008666992,29296.506,75.78630065917969,81274.03,27.30940055847168,19,78896.28,36.835243225097656,82203.78,42.00425720214844,84980.67,28.350914001464844,3,min_max,full,True,True,True,8,0.0298,48,36,224,4,32,8,6,11,128,9,0.16,batch,4,1024
2024-08-21 05:56,17250.557,81.39225006103516,84016.72,23.703771591186523,78605.45,7.561886310577393,21,79385.43,35.22745513916016,56413.906,64.12109375,75055.37,31.12955665588379,6,75055.37,31.12955665588379,56413.906,64.12109375,79385.43,35.22745513916016,6,min_max,conv_mlp,True,True,False,8,0.0016,80,44,288,4,8,28,4,9,128,9,0.14,layer,4,1024
2024-08-21 06:21,14675.104,83.65363311767578,73192.766,32.557350158691406,80852.516,30.035621643066406,21,73192.766,32.557350158691406,14675.104,83.65363311767578,80852.516,30.035621643066406,21,76044.805,24.737537384033203,17698.969,80.26998138427734,76742.59,22.02434539794922,22,min_max,conv_mlp,True,False,True,8,0.0177,80,28,160,4,28,4,5,9,192,9,0.18,batch,4,1024
2024-08-21 06:22,7906.425,91.64997100830078,73593.805,34.23780059814453,77516.71,20.2430419921875,36,73058.75,34.95336151123047,10439.184,90.57613372802734,77973.88,20.79753875732422,28,76723.516,20.227872848510746,10582.381,88.01469421386719,73517.56,31.26210021972656,32,min_max,conv_mlp,True,True,True,8,0.0045,80,28,224,4,32,12,7,11,128,11,0.14,layer,4,1024
2024-08-21 06:07,11375.83,88.91008758544922,74641.84,34.14444732666016,77930.78,9.553217887878418,24,72703.58,38.71446990966797,30210.553,72.20520782470703,77394.625,22.50099754333496,5,73408.73,37.84860229492188,46251.59,62.48862075805664,74857.42,34.65399169921875,4,min_max,full,True,True,True,8,0.0099,176,36,224,4,24,20,3,9,192,9,0.16,layer,4,1024
2024-08-21 06:19,15226.149,85.0762710571289,78060.516,34.420989990234375,80164.414,20.510028839111328,19,72085.54,36.17612075805664,38732.152,65.48907470703125,78794.82,30.28804588317871,6,76965.12,7.145273685455322,39862.715,54.69462966918945,77215.984,17.760604858398438,7,min_max,conv_mlp,True,True,False,8,0.0043,48,36,224,4,24,12,5,9,128,11,0.16,batch,4,1024
2024-08-21 06:34,6069.4595,93.28990173339844,77535.875,31.142473220825195,68400.87,36.92253112792969,44,74914.91,39.548301696777344,25667.4,76.49141693115234,76539.74,42.80951690673828,15,66701.28,34.555564880371094,11927.061,86.50920104980469,76892.08,26.431381225585938,26,min_max,full,True,True,False,8,0.0097,80,36,224,4,20,4,7,9,128,11,0.18,layer,4,1024
2024-08-21 05:46,15713.214,85.45317840576172,75950.85,23.535972595214844,74311.875,28.0245418548584,22,77359.59,33.5385856628418,58700.01,46.83614349365234,80393.66,13.181215286254885,8,70192.58,30.31893348693848,25850.086,70.41029357910156,74743.28,30.39995384216309,12,min_max,conv_mlp,True,False,False,8,0.0088,144,28,96,4,12,32,6,9,192,11,0.18,layer,4,1024
2024-08-21 06:28,9860.338,90.0385513305664,75808.16,41.39541244506836,79768.19,32.08515548706055,34,69487.89,40.82255554199219,20232.936,78.35150909423828,76842.055,27.75731086730957,20,75359.0,17.020458221435547,25604.375,68.22016143798828,72076.1,30.908334732055664,17,min_max,full,True,False,False,8,0.0074,80,40,224,4,24,12,6,9,128,9,0.16,batch,4,1024
2024-08-21 06:43,7127.216,92.51787567138672,73938.5,42.927772521972656,78366.12,36.85089874267578,39,70773.016,38.68449783325195,13940.644,83.61351776123047,74247.52,25.32433319091797,26,77185.54,36.6551399230957,15593.404,84.1511459350586,74970.34,43.971710205078125,21,min_max,full,True,True,False,8,0.0041,112,44,160,8,24,8,5,9,128,9,0.16,batch,4,1024
2024-08-21 06:02,16243.979,83.13099670410156,67691.53,33.96553421020508,78751.38,34.06470489501953,18,65913.17,26.0991268157959,37408.773,58.55810546875,79781.836,8.53697681427002,7,74743.9,36.05094528198242,17235.436,80.90616607666016,67122.164,38.01373672485352,20,min_max,conv_mlp,True,False,True,8,0.0061,240,36,352,8,8,12,5,9,128,11,0.18,layer,4,1024
2024-08-21 06:43,16075.719,81.12191772460938,72403.77,28.85599136352539,77243.66,12.081068992614746,32,69038.67,34.53427505493164,22629.908,79.18199157714844,75455.59,7.386231422424316,18,73694.36,35.22637939453125,40126.46,59.18767547607422,70153.07,46.66875457763672,5,min_max,conv_mlp,True,False,False,8,0.0202,80,36,160,8,32,12,7,11,128,9,0.16,batch,4,1024
2024-08-21 06:37,25583.195,69.6044692993164,71873.03,31.54567527770996,88926.734,-5.032134056091309,14,71238.1,33.932525634765625,32717.596,62.37858581542969,78600.5,15.813612937927246,6,78600.5,15.813612937927246,32717.596,62.37858581542969,71238.1,33.932525634765625,6,min_max,conv_mlp,True,False,True,8,0.0185,16,28,224,4,24,16,7,9,192,9,0.2,batch,4,1024
2024-08-21 06:01,10972.119,88.38346099853516,77544.164,27.23615264892578,78243.36,4.865902900695801,27,71880.58,31.51328659057617,18147.752,82.16567993164062,75738.32,14.226388931274414,17,73893.33,44.64165496826172,48919.953,61.89265441894531,83803.836,27.63329696655273,4,min_max,conv_mlp,True,True,False,8,0.0288,48,48,32,8,32,8,5,9,192,9,0.14,batch,4,1024
2024-08-21 06:51,14419.438,84.2253189086914,71486.45,30.789697647094727,82837.07,20.560909271240234,26,70027.7,35.80189514160156,39176.766,62.33913803100586,70922.38,32.99003982543945,6,70922.38,32.99003982543945,39176.766,62.33913803100586,70027.7,35.80189514160156,6,min_max,full,True,False,False,8,0.014,16,28,224,8,20,12,8,9,64,11,0.14,layer,4,1024
2024-08-21 06:19,9807.562,89.29195404052734,75482.66,33.941680908203125,79472.35,23.356426239013672,23,69175.164,38.21240615844727,23946.035,73.79428100585938,80081.41,27.446348190307617,10,77323.72,26.012104034423828,12328.541,84.91722869873047,73806.91,38.52267837524414,25,min_max,full,True,True,False,8,0.0106,112,36,160,4,32,16,7,11,256,9,0.16,layer,4,1024
2024-08-21 06:07,13747.377,86.48856353759766,77323.64,28.75352478027344,85235.09,17.503637313842773,24,74909.81,17.86745262145996,23367.7,73.86964416503906,81197.55,5.159669876098633,15,74461.0,36.72518157958984,47160.734,62.148868560791016,76016.016,39.11480331420898,5,min_max,conv_mlp,True,True,True,8,0.0152,112,40,352,4,8,16,4,11,128,11,0.16,batch,4,1024
2024-08-21 06:39,7772.2056,91.20838928222656,74047.836,34.95780944824219,74856.32,33.551170349121094,35,71057.94,42.74421310424805,17584.99,82.84461212158203,76882.37,38.015602111816406,20,71647.414,31.21357536315918,14388.793,83.5871810913086,73969.23,33.69214630126953,22,min_max,conv_mlp,True,True,True,8,0.004,48,40,224,8,16,12,7,9,64,11,0.14,batch,4,1024
2024-08-21 06:21,18209.992,81.9476318359375,84737.914,25.01378631591797,86932.89,-0.9217977523803712,15,82016.375,30.636327743530277,67721.7,51.003517150878906,76054.55,38.1220817565918,4,76054.55,38.1220817565918,67721.7,51.003517150878906,82016.375,30.636327743530277,4,min_max,conv_mlp,True,True,True,8,0.0189,144,36,224,4,20,20,6,11,256,9,0.16,layer,4,1024
2024-08-21 06:07,34003.81,67.0245132446289,78492.09,20.15013694763184,80413.73,12.213468551635742,35,73687.92,39.53059387207031,46631.43,49.38191604614258,74193.97,36.324501037597656,5,71855.55,44.73404693603516,55351.34,47.43408584594727,82144.14,28.03886032104492,21,min_max,conv_mlp,True,True,True,8,0.0107,176,32,352,4,20,20,5,11,192,11,0.12,layer,4,1024
2024-08-21 06:32,10882.951,88.25017547607422,77751.34,30.47608184814453,84152.65,0.604027509689331,23,79468.234,29.960418701171875,32214.324,68.26406860351562,87009.19,12.271875381469728,9,76070.266,33.90961456298828,55834.793,56.99889755249024,80785.85,28.617822647094727,5,min_max,full,True,True,True,8,0.0064,16,32,288,4,28,12,6,9,128,11,0.16,batch,4,1024
2024-08-21 06:13,13055.475,85.77760314941406,73843.49,27.13658905029297,76219.54,12.049365043640137,23,73269.87,31.894594192504883,20905.785,80.63565826416016,79436.34,17.413896560668945,19,71227.14,38.73337936401367,54262.285,65.96675872802734,75227.86,45.62814331054688,5,min_max,full,True,True,False,8,0.0042,144,28,160,4,16,12,6,11,192,11,0.16,layer,4,1024
2024-08-21 06:44,16220.358,83.46011352539062,83400.57,27.4714298248291,78827.58,35.202938079833984,20,75405.6,37.544219970703125,31940.588,68.83769989013672,72480.7,35.872047424316406,6,72480.7,35.872047424316406,31940.588,68.83769989013672,75405.6,37.544219970703125,6,min_max,full,True,False,False,8,0.0038,112,36,352,8,24,8,6,11,128,11,0.16,batch,4,1024
2024-08-21 06:36,7484.0435,91.99761199951172,80572.19,39.56642150878906,72452.59,27.742094039916992,31,78885.16,40.84526824951172,7177.0493,91.630126953125,70899.24,29.036104202270508,37,71139.14,35.02714157104492,7232.991,92.43262481689452,80826.85,42.81783676147461,35,min_max,full,True,False,False,8,0.0094,16,36,288,4,28,12,7,9,128,9,0.14,layer,4,1024
2024-08-21 06:21,14256.697,85.38848114013672,92602.266,16.241432189941406,75295.13,30.549222946166992,24,83215.1,26.98473358154297,16404.2,84.82485961914062,79395.21,33.00191879272461,26,76317.53,27.958499908447266,17517.16,81.31924438476562,78612.71,34.45756912231445,16,min_max,full,True,False,True,8,0.0041,48,40,160,4,12,12,4,9,128,11,0.18,layer,4,1024
2024-08-21 05:55,12320.436,86.93148040771484,76932.625,42.93124008178711,85175.58,18.243032455444336,26,76839.25,37.93893432617188,21501.459,78.75054931640625,79867.945,17.299001693725586,19,78981.17,32.19090270996094,29757.432,71.32518005371094,137013.36,-21.449302673339844,8,min_max,conv_mlp,True,True,True,8,0.001,48,40,160,4,8,16,3,11,64,9,0.18,batch,4,1024
2024-08-21 06:24,6510.8105,93.0432357788086,74610.336,35.958309173583984,74960.32,27.20540809631348,37,72479.3,38.96007537841797,28201.748,71.10527801513672,89321.65,23.88761138916016,8,74245.93,23.49389266967773,7205.662,92.3137435913086,75446.14,33.91792678833008,34,min_max,full,True,True,True,8,0.0047,112,40,224,4,28,8,5,9,192,11,0.14,batch,4,1024
